Province_State,Country_Region,Last_Update,Lat,Long_,Confirmed,Deaths,Recovered,Active,Incidence_Rate,Case-Fatality_Ratio
Abruzzo,Italy,2020-09-20 04:22:56,42.35122196,13.39843823,4137,474,2984,679.0,315.4210951676604,11.457577955039884
Acre,Brazil,2020-09-20 04:22:56,-9.0238,-70.812,27061,648,24298,2115.0,3068.366716367985,2.3945900003695355
Adygea Republic,Russia,2020-09-20 04:22:56,44.6939006,40.1520421,3775,31,3253,491.0,832.6422219085263,0.8211920529801324
Aguascalientes,Mexico,2020-09-20 04:22:56,21.8853,-102.2916,6581,555,5783,243.0,458.7229504368706,8.433368788937852
Aichi,Japan,2020-09-20 04:22:56,35.035551,137.211621,5077,79,4554,444.0,67.22509708710224,1.5560370297419737
Akita,Japan,2020-09-20 04:22:56,39.748679,140.408228,52,0,51,1.0,5.3802936398721135,0.0
Alabama,US,2020-09-20 04:22:56,32.88428035358209,-86.71012237686571,144164,2437,0,141727.0,3239.9325535488906,2.0594842684712624
Alagoas,Brazil,2020-09-20 04:22:56,-9.5713,-36.782,83950,2014,80658,1278.0,2515.463583907865,2.3990470518165576
Alaska,US,2020-09-20 04:22:56,60.41150609269231,-148.68769288076925,6729,45,0,6684.0,681.8067525668181,0.7242884194065496
Alberta,Canada,2020-09-20 04:22:56,53.9333,-116.5765,16381,255,14702,1424.0,371.18645066354026,1.5566815212746474
Altai Krai,Russia,2020-09-20 04:22:56,52.6932243,82.69314240000001,12914,164,11648,1102.0,549.5132080610022,1.2699396004336378
Altai Republic,Russia,2020-09-20 04:22:56,50.7114101,86.8572186,2798,12,2235,551.0,1283.1154299445573,0.4288777698355968
Amapa,Brazil,2020-09-20 04:22:56,0.902,-52.003,46738,691,35026,11021.0,5526.343482738601,1.4784543626171425
Amazonas,Brazil,2020-09-20 04:22:56,-3.4168,-65.8561,131573,3956,109874,17743.0,3174.566791415426,3.0066959026548
Amazonas,Colombia,2020-09-20 04:22:56,-1.4429,-71.5724,2732,115,2597,20.0,3567.091880034992,4.209370424597363
Amazonas,Peru,2020-09-20 04:22:56,-5.077253,-78.050172,12987,204,0,12783.0,3042.8772258669164,1.5708015708015708
Amur Oblast,Russia,2020-09-20 04:22:56,52.8032368,128.437295,3959,50,3514,395.0,495.8518281013597,1.262945188178833
Ancash,Peru,2020-09-20 04:22:56,-9.407125,-77.67179499999997,21235,1248,0,19987.0,1798.6616974419787,5.8770897103838005
Andalusia,Spain,2020-09-20 04:22:56,37.5443,-4.7278,47612,1662,10671,35279.0,564.9663211866524,3.490716626060657
Andaman and Nicobar Islands,India,2020-09-20 04:22:56,11.225999,92.968178,3631,52,3414,165.0,870.6682396723544,1.4321123657394657
Andhra Pradesh,India,2020-09-20 04:22:56,15.9129,79.74,609558,5244,519891,84423.0,1130.8341944263138,0.8602954927997007
Anguilla,United Kingdom,2020-09-20 04:22:56,18.2206,-63.0686,3,0,3,0.0,19.99733368884149,0.0
Anhui,China,2020-09-20 04:22:56,31.8257,117.2264,991,6,985,0.0,1.5670461733080334,0.6054490413723511
Antioquia,Colombia,2020-09-20 04:22:56,7.1986,-75.3412,102501,2187,85968,14346.0,1599.8028437817914,2.133637720607604
Antofagasta,Chile,2020-09-20 04:22:56,-23.6509,-70.3975,19391,489,18423,479.0,3191.755523147676,2.521788458563251
Aomori,Japan,2020-09-20 04:22:56,40.781541,140.828896,35,1,32,2.0,2.808152628711676,2.8571428571428568
Apurimac,Peru,2020-09-20 04:22:56,-14.027713,-72.975378,4200,79,0,4121.0,975.156721615974,1.880952380952381
Aragon,Spain,2020-09-20 04:22:56,41.5976,-0.9057,32266,1302,3772,27192.0,2443.3092581626643,4.035207338994606
Arauca,Colombia,2020-09-20 04:22:56,7.0762,-70.7105,1449,34,1122,293.0,552.6863838519456,2.3464458247066937
Araucania,Chile,2020-09-20 04:22:56,-38.9489,-72.3311,6358,103,5770,485.0,664.2123473711482,1.620006291286568
Arequipa,Peru,2020-09-20 04:22:56,-15.843524,-72.475539,39046,1297,0,37749.0,2607.586483237612,3.321723095835681
Arica y Parinacota,Chile,2020-09-20 04:22:56,-18.594,-69.4785,7561,138,7030,393.0,3344.568890776226,1.825155402724508
Arizona,US,2020-09-20 04:22:56,33.675903642,-111.46323212666667,212942,5451,0,207491.0,2927.250678937342,6.041792466461883
Arkansas,US,2020-09-20 04:22:56,34.911889390266666,-92.43397826839998,75160,1181,0,73979.0,2564.9724143124126,1.821153101596221
Arkhangelsk Oblast,Russia,2020-09-20 04:22:56,63.5589686,43.1221646,12290,257,9799,2234.0,1064.0434690760744,2.09113100081367
Aruba,Netherlands,2020-09-20 04:22:56,12.5211,-69.9683,3460,23,2128,1309.0,3240.732068261432,0.6647398843930635
Arunachal Pradesh,India,2020-09-20 04:22:56,27.768456,96.384277,7005,13,5106,1886.0,446.0482228751103,0.185581727337616
Assam,India,2020-09-20 04:22:56,26.357149,92.830441,152858,540,123687,28631.0,429.2915229485945,0.3532690470894556
Astrakhan Oblast,Russia,2020-09-20 04:22:56,47.1878186,47.608851,6550,94,6144,312.0,643.725786573944,1.4351145038167938
Asturias,Spain,2020-09-20 04:22:56,43.3614,-5.8593,4340,341,1063,2936.0,424.57237051276405,7.857142857142858
Atacama,Chile,2020-09-20 04:22:56,-27.5661,-70.0503,6552,56,6083,413.0,2267.5674179079683,0.8547008547008547
Atlantico,Colombia,2020-09-20 04:22:56,10.6966,-74.8741,66512,3016,61671,1825.0,2623.212544029482,4.5345200866009145
Australian Capital Territory,Australia,2020-09-20 04:22:56,-35.4735,149.0124,113,3,110,0.0,26.395701938799345,2.6548672566371683
Ayacucho,Peru,2020-09-20 04:22:56,-14.091648,-74.08344,10410,286,0,10124.0,1557.9167913798265,2.7473583093179634
Aysen,Chile,2020-09-20 04:22:56,-45.9864,-73.7669,223,1,155,67.0,216.1732488028073,0.4484304932735426
Azad Jammu and Kashmir,Pakistan,2020-09-20 04:22:56,34.027401,73.947253,2517,67,2257,193.0,62.21933936261885,2.6618990862137464
Baden-Wurttemberg,Germany,2020-09-20 04:22:56,48.6616,9.3501,46779,1871,41228,3680.0,422.5923532636833,3.9996579661814073
Bahia,Brazil,2020-09-20 04:22:56,-12.5797,-41.7007,294210,6221,280351,7638.0,1978.1398103309448,2.1144760545188808
Baja California,Mexico,2020-09-20 04:22:56,30.8406,-115.2838,18501,3367,14561,573.0,508.9868462898792,18.19901626939084
Baja California Sur,Mexico,2020-09-20 04:22:56,26.0444,-111.6661,9374,428,8112,834.0,1164.8945953066204,4.565820354171112
Baleares,Spain,2020-09-20 04:22:56,39.710358,2.995148,12059,270,1533,10256.0,1014.8793994378144,2.238991624512812
Balochistan,Pakistan,2020-09-20 04:22:56,28.328492,65.898403,14269,145,12969,1155.0,115.59080030407291,1.0161889410610414
Bashkortostan Republic,Russia,2020-09-20 04:22:56,54.8573563,57.1439682,8384,33,8158,193.0,206.3351080023025,0.3936068702290077
Basilicata,Italy,2020-09-20 04:22:56,40.63947052,15.80514834,631,28,438,165.0,112.10423739804466,4.437400950871632
Bayern,Germany,2020-09-20 04:22:56,48.7904,11.4979,64465,2648,56398,5419.0,492.9752649765945,4.107655316838596
Beijing,China,2020-09-20 04:22:56,40.1824,116.4142,935,9,926,0.0,4.340761374187558,0.962566844919786
Belgorod Oblast,Russia,2020-09-20 04:22:56,50.7080119,37.5837615,8208,57,7521,630.0,529.5907543571228,0.6944444444444444
Berlin,Germany,2020-09-20 04:22:56,52.52,13.405,13064,227,11667,1170.0,358.42588919196686,1.7375995101041029
Bermuda,United Kingdom,2020-09-20 04:22:56,32.3078,-64.7505,180,9,166,5.0,289.0498289788512,5.0
Bihar,India,2020-09-20 04:22:56,25.679658,85.60484,165218,859,151750,12609.0,132.3862964470027,0.519919137140021
Biobio,Chile,2020-09-20 04:22:56,-37.4464,-72.1416,21564,286,19404,1874.0,1385.144574946766,1.3262845483212762
Blekinge,Sweden,2020-09-20 04:22:56,56.2784,15.018,624,17,0,607.0,390.96274576143753,2.7243589743589745
Bolivar,Colombia,2020-09-20 04:22:56,8.6704,-74.03,27972,754,25630,1588.0,1351.2325431981876,2.695552695552696
"Bonaire, Sint Eustatius and Saba",Netherlands,2020-09-20 04:22:56,12.1784,-68.2385,36,1,17,18.0,137.294534914763,2.7777777777777777
Boyaca,Colombia,2020-09-20 04:22:56,5.4545,-73.362,5995,117,4266,1612.0,492.4526194043582,1.95162635529608
Brandenburg,Germany,2020-09-20 04:22:56,52.4125,12.5316,4117,173,3792,152.0,163.8987275455359,4.202088899684236
Bremen,Germany,2020-09-20 04:22:56,53.0793,8.8017,2192,59,2015,118.0,320.94362109911475,2.6916058394160585
British Columbia,Canada,2020-09-20 04:22:56,53.7267,-127.6476,7842,223,5797,1822.0,153.43626202499468,2.8436623310380007
British Virgin Islands,United Kingdom,2020-09-20 04:22:56,18.4207,-64.64,69,1,48,20.0,228.19724178986007,1.4492753623188406
Bryansk Oblast,Russia,2020-09-20 04:22:56,52.8873315,33.41585300000001,8927,37,7288,1602.0,737.1703295342128,0.414472947238714
Buryatia Republic,Russia,2020-09-20 04:22:56,52.7182426,109.492143,6152,62,5223,867.0,624.878746910903,1.0078023407022108
C. Valenciana,Spain,2020-09-20 04:22:56,39.484,-0.7533,34370,1541,9970,22859.0,690.8585762041936,4.48356124527204
Cajamarca,Peru,2020-09-20 04:22:56,-6.430284,-78.74559599999998,18433,441,0,17992.0,1268.005778358671,2.392448326371181
Calabria,Italy,2020-09-20 04:22:56,38.90597598,16.59440194,1810,98,1267,445.0,92.95727919693128,5.414364640883979
Caldas,Colombia,2020-09-20 04:22:56,5.2983,-75.2479,4653,106,3183,1364.0,466.1133678268579,2.278100150440576
California,US,2020-09-20 04:22:56,37.84396164603449,-120.72859416379308,783313,15018,0,768295.0,1544.8584199971447,1.4726158068176334
Callao,Peru,2020-09-20 04:22:56,-11.954609,-77.136042,30730,1687,0,29043.0,2719.709708823789,5.489749430523918
Campania,Italy,2020-09-20 04:22:56,40.83956555,14.25084984,10089,456,5060,4573.0,173.8975457504466,4.519774011299434
Campeche,Mexico,2020-09-20 04:22:56,19.8301,-90.5349,5851,800,4981,70.0,584.7392159037872,13.672876431379253
Canarias,Spain,2020-09-20 04:22:56,28.2916,-16.6291,11479,209,1537,9733.0,520.1411390905165,1.820716090251764
Cantabria,Spain,2020-09-20 04:22:56,43.1828,-3.9878,6058,231,2287,3540.0,1041.5359302387556,3.8131396500495214
Capital District,Colombia,2020-09-20 04:22:56,4.711,-74.0721,250490,6408,205741,38341.0,3379.261648395441,2.5581859555271667
Caqueta,Colombia,2020-09-20 04:22:56,0.8699,-73.8419,7759,274,6504,981.0,1932.556060066403,3.5313829101688365
Casanare,Colombia,2020-09-20 04:22:56,5.7589,-71.5724,1771,41,1203,527.0,421.1612731389,2.3150762281197066
Castilla - La Mancha,Spain,2020-09-20 04:22:56,39.2796,-3.0977,34835,3065,6392,25378.0,1711.897082722936,8.798622075498779
Castilla y Leon,Spain,2020-09-20 04:22:56,41.8357,-4.3976,38872,2931,8716,27225.0,1614.46472677826,7.540131714344517
Catalonia,Spain,2020-09-20 04:22:56,41.5912,1.5209,128901,5797,26203,96901.0,1703.5905038980732,4.497249827386909
Cauca,Colombia,2020-09-20 04:22:56,2.705,-76.82600000000002,8192,224,6257,1711.0,559.3763827358093,2.734375
Cayman Islands,United Kingdom,2020-09-20 04:22:56,19.3133,-81.2546,208,1,204,3.0,316.4942178940961,0.4807692307692308
Ceara,Brazil,2020-09-20 04:22:56,-5.4984,-39.3206,233600,8801,206727,18072.0,2558.0158207146287,3.7675513698630136
Cesar,Colombia,2020-09-20 04:22:56,9.3373,-73.6536,17236,494,12740,4002.0,1435.6466157021555,2.866094221397076
Ceuta,Spain,2020-09-20 04:22:56,35.8894,-5.3213,441,9,163,269.0,519.8693842907496,2.0408163265306123
Chandigarh,India,2020-09-20 04:22:56,30.733839,76.76827800000002,9506,113,6415,2978.0,820.5629306854802,1.1887229118451503
Channel Islands,United Kingdom,2020-09-20 04:22:56,49.3723,-2.3644,644,48,575,21.0,377.7148253068933,7.453416149068322
Chechen Republic,Russia,2020-09-20 04:22:56,43.39761470000001,45.6985005,2374,40,1811,523.0,165.20747316770368,1.6849199663016006
Chelyabinsk Oblast,Russia,2020-09-20 04:22:56,54.4223954,61.1865846,14928,122,10969,3837.0,427.3646192023214,0.8172561629153269
Cherkasy Oblast,Ukraine,2020-09-20 04:22:56,49.4444,32.0598,2983,48,1345,1590.0,247.27463234166507,1.609118337244385
Chernihiv Oblast,Ukraine,2020-09-20 04:22:56,51.4982,31.2893,3188,46,738,2404.0,316.9789558983639,1.4429109159347553
Chernivtsi Oblast,Ukraine,2020-09-20 04:22:56,48.2917,25.9352,12917,329,7514,5074.0,1428.280777642878,2.5470310443601454
Chhattisgarh,India,2020-09-20 04:22:56,21.264705,82.035366,81617,645,44392,36580.0,277.2671542087029,0.790276535525687
Chiapas,Mexico,2020-09-20 04:22:56,16.7569,-93.1292,6427,1016,5354,57.0,112.1568653456227,15.808308697681651
Chiba,Japan,2020-09-20 04:22:56,35.510141,140.198917,3603,68,3174,361.0,57.56159314130373,1.887316125451013
Chihuahua,Mexico,2020-09-20 04:22:56,28.63300000000001,-106.0691,9464,1276,7553,635.0,248.95521147382595,13.482671174978869
Choco,Colombia,2020-09-20 04:22:56,5.2528,-76.82600000000002,3930,154,3636,140.0,734.8184269276362,3.918575063613232
Chongqing,China,2020-09-20 04:22:56,30.0572,107.874,584,6,577,1.0,1.8826563507414569,1.0273972602739727
Chukotka Autonomous Okrug,Russia,2020-09-20 04:22:56,66.0006475,169.4900869,182,2,172,8.0,368.809272918862,1.0989010989010992
Chuvashia Republic,Russia,2020-09-20 04:22:56,55.4259922,47.0849429,8301,85,7047,1169.0,674.2657277902912,1.0239730152993616
Ciudad de Mexico,Mexico,2020-09-20 04:22:56,19.4326,-99.1332,116943,11545,98840,6558.0,1296.680377152,9.872330964657996
Coahuila,Mexico,2020-09-20 04:22:56,27.0587,-101.7068,24766,1723,22020,1023.0,769.4362976586966,6.95711863038036
Colima,Mexico,2020-09-20 04:22:56,19.1223,-104.0072,4380,518,3567,295.0,557.8530553917517,11.82648401826484
Colorado,US,2020-09-20 04:22:56,38.935474467656235,-105.48623995937497,64336,2013,0,62323.0,881.2097084263132,2.0334984705494734
Connecticut,US,2020-09-20 04:22:56,41.61368014,-72.65682967875,55527,4492,0,51035.0,1197.5309106266814,6.5158105510391495
Coquimbo,Chile,2020-09-20 04:22:56,-29.959,-71.3389,11497,192,10756,549.0,1517.5834822713198,1.6700008697921196
Cordoba,Colombia,2020-09-20 04:22:56,8.0493,-75.574,22745,1480,19406,1859.0,1274.384617065492,6.506924598812926
Crimea Republic*,Ukraine,2020-09-20 04:22:56,45.2835,34.2008,3573,47,2400,1126.0,186.703355905297,1.315421214665547
Cundinamarca,Colombia,2020-09-20 04:22:56,5.026,-74.03,30582,898,25087,4597.0,1047.666029475242,2.9363677980511413
Curacao,Netherlands,2020-09-20 04:22:56,12.1696,-68.99,247,1,88,158.0,150.51797684338817,0.4048582995951417
Cusco,Peru,2020-09-20 04:22:56,-13.191068,-72.153609,19135,387,0,18748.0,1409.9918944808785,2.02247191011236
Dadra and Nagar Haveli and Daman and Diu,India,2020-09-20 04:22:56,20.194742,73.080901,2859,2,2639,218.0,464.3314212211965,0.0699545295557887
Dagestan Republic,Russia,2020-09-20 04:22:56,43.05749160000001,47.1332224,12514,543,10744,1227.0,408.4356952039648,4.3391401630174204
Dalarna,Sweden,2020-09-20 04:22:56,61.0917,14.6664,2365,174,0,2191.0,821.2775119284915,7.357293868921776
Delaware,US,2020-09-20 04:22:56,39.10927682333334,-75.53323745666665,19449,621,0,18828.0,2033.1107108064327,2.558009398967391
Delhi,India,2020-09-20 04:22:56,28.646519,77.10898,238828,4907,201671,32250.0,1276.4095751134014,2.0546167116083542
Diamond Princess,Canada,2020-09-20 04:22:56,,,0,1,0,0.0,,
Diamond Princess,US,2020-08-04 02:27:56,,,49,0,0,49.0,,0.0
District of Columbia,US,2020-09-20 04:22:56,38.90417773,-77.01655992,14902,619,0,14283.0,2111.515567149227,4.153804858408267
Distrito Federal,Brazil,2020-09-20 04:22:56,-15.7998,-47.8645,183096,3048,170627,9421.0,6072.296061245634,1.6647004849914802
Dnipropetrovsk Oblast,Ukraine,2020-09-20 04:22:56,48.4647,35.0462,3878,89,1830,1959.0,120.94270440736048,2.294997421351212
Donetsk Oblast,Ukraine,2020-09-20 04:22:56,48.0159,37.8028,2371,35,982,1354.0,56.9144586009125,1.4761703922395613
Drenthe,Netherlands,2020-09-20 04:22:56,52.862485,6.6184350000000025,722,41,0,681.0,146.2479895965419,5.678670360110804
Durango,Mexico,2020-09-20 04:22:56,24.5593,-104.6588,8098,559,6859,680.0,433.2807560850853,6.90293899728328
Ehime,Japan,2020-09-20 04:22:56,33.624835,132.856842,114,6,108,0.0,8.512449457331346,5.2631578947368425
Emilia-Romagna,Italy,2020-09-20 04:22:56,44.49436681,11.3417208,34225,4474,25313,4438.0,767.4666782674292,13.072315558802044
England,United Kingdom,2020-09-20 04:22:56,52.3555,-1.1743,336622,37076,0,299546.0,601.3555519032749,11.014134548544064
Espirito Santo,Brazil,2020-09-20 04:22:56,-19.1834,-40.3089,123720,3408,113545,6767.0,3078.645813892725,2.754607177497576
Extremadura,Spain,2020-09-20 04:22:56,39.4937,-6.0679,8166,544,2652,4970.0,766.4554205649582,6.6617683076169465
Falkland Islands (Malvinas),United Kingdom,2020-09-20 04:22:56,-51.7963,-59.5236,13,0,13,0.0,373.2414585127763,0.0
Faroe Islands,Denmark,2020-09-20 04:22:56,61.8926,-6.9118,431,0,412,19.0,882.0218970633377,0.0
Flevoland,Netherlands,2020-09-20 04:22:56,52.550383,5.515162,1762,97,0,1665.0,416.52778467262857,5.505107832009081
Florida,US,2020-09-20 04:22:56,28.94075487910448,-82.70074390925375,681233,13287,0,667946.0,3523.976717295195,1.8421327112143615
French Guiana,France,2020-09-20 04:22:56,4.0,-53.0,9692,65,9341,286.0,3244.922693700993,0.6706562113082954
French Polynesia,France,2020-09-20 04:22:56,-17.6797,-149.4068,1271,2,1028,241.0,452.4677469882949,0.1573564122738001
Friesland,Netherlands,2020-09-20 04:22:56,53.087337,5.7925,1011,69,0,942.0,155.54875168665004,6.824925816023739
Friuli Venezia Giulia,Italy,2020-09-20 04:22:56,45.6494354,13.76813649,4345,350,3314,681.0,357.54842744523626,8.055235903337168
Fujian,China,2020-09-20 04:22:56,26.0789,117.9874,395,1,380,14.0,1.002283684344075,0.2531645569620253
Fukui,Japan,2020-09-20 04:22:56,35.846614,136.22465400000002,244,9,215,20.0,31.773439748312693,3.6885245901639343
Fukuoka,Japan,2020-09-20 04:22:56,33.526032,130.666949,5000,89,4629,282.0,97.96854386806066,1.78
Fukushima,Japan,2020-09-20 04:22:56,37.378867,140.223295,218,2,180,36.0,11.812395320774266,0.9174311926605504
Galicia,Spain,2020-09-20 04:22:56,42.5751,-8.1339,18593,702,9204,8687.0,688.5171718248982,3.7756144785672032
Gansu,China,2020-09-20 04:22:56,35.7518,104.2861,170,2,168,0.0,0.6446719757299962,1.1764705882352942
Gavleborg,Sweden,2020-09-20 04:22:56,61.3012,16.1534,3285,167,0,3118.0,1143.0778545629162,5.083713850837139
Gelderland,Netherlands,2020-09-20 04:22:56,52.061738,5.939114,9126,692,0,8434.0,437.4980824103335,7.582730659653738
Georgia,US,2020-09-20 04:22:56,32.80853214484278,-83.57742992610066,305021,6599,0,298422.0,3019.3721178652295,2.8690190377003164
Gibraltar,United Kingdom,2020-09-20 04:22:56,36.1408,-5.3536,350,0,322,28.0,1038.8531061707874,0.0
Gifu,Japan,2020-09-20 04:22:56,35.778671,137.055925,597,10,552,35.0,30.05154065741898,1.6750418760469012
Gilgit-Baltistan,Pakistan,2020-09-20 04:22:56,35.792146,74.982138,3450,81,3036,333.0,340.37632796097813,2.347826086956522
Goa,India,2020-09-20 04:22:56,15.359682,74.057396,27379,335,21314,5730.0,1726.02048857368,1.2235655064100224
Goias,Brazil,2020-09-20 04:22:56,-15.827,-49.8362,182856,4135,172741,5980.0,2605.3972199179466,2.2613422583891154
Gotland,Sweden,2020-09-20 04:22:56,57.4684,18.4867,324,6,0,318.0,542.8408672050397,1.851851851851852
Grand Princess,Canada,2020-09-20 04:22:56,,,13,0,13,0.0,,0.0
Grand Princess,US,2020-08-04 02:27:56,,,103,3,0,100.0,,2.912621359223301
Greenland,Denmark,2020-09-20 04:22:56,71.7069,-42.6043,14,0,14,0.0,24.660043683505958,0.0
Groningen,Netherlands,2020-09-20 04:22:56,53.217922,6.741514,1011,19,0,992.0,172.5650575387546,1.8793273986152323
Guadeloupe,France,2020-09-20 04:22:56,16.265,-61.551,3426,26,837,2563.0,856.2281475631488,0.7589025102159953
Guainia,Colombia,2020-09-20 04:22:56,2.5854,-68.5247,547,10,234,303.0,1136.8832356486678,1.828153564899452
Guam,US,2020-09-20 04:22:56,13.4443,144.7937,2074,31,0,2043.0,1262.8707475537208,1.4946962391513985
Guanajuato,Mexico,2020-09-20 04:22:56,21.019,-101.2574,38340,2709,33126,2505.0,615.5896390194561,7.065727699530517
Guangdong,China,2020-09-20 04:22:56,23.3417,113.4244,1797,8,1767,22.0,1.5838180856689583,0.4451864218141346
Guangxi,China,2020-09-20 04:22:56,23.8298,108.7881,258,2,253,3.0,0.5237515225334958,0.7751937984496124
Guaviare,Colombia,2020-09-20 04:22:56,1.0654,-73.2603,628,11,417,200.0,758.7565092367731,1.751592356687898
Guerrero,Mexico,2020-09-20 04:22:56,17.4392,-99.5451,17335,1811,14318,1206.0,474.0162010452145,10.447072396884916
Guizhou,China,2020-09-20 04:22:56,26.8154,106.8748,147,2,145,0.0,0.4083333333333333,1.3605442176870748
Gujarat,India,2020-09-20 04:22:56,22.694884,71.590923,120336,3286,100974,16076.0,188.4006266932294,2.7306874085892834
Gunma,Japan,2020-09-20 04:22:56,36.504479,138.985605,644,19,480,145.0,33.15390412961735,2.950310559006211
Hainan,China,2020-09-20 04:22:56,19.1959,109.7453,171,6,165,0.0,1.8308351177730195,3.5087719298245608
Halland,Sweden,2020-09-20 04:22:56,56.8967,12.8034,2356,83,0,2273.0,705.710383168388,3.5229202037351444
Hamburg,Germany,2020-09-20 04:22:56,53.5511,9.9937,7149,269,6129,751.0,388.28381162287866,3.7627640229402712
Haryana,India,2020-09-20 04:22:56,29.20004,76.332824,106261,1092,83878,21291.0,376.749372054834,1.0276583130217107
Hawaii,US,2020-09-20 04:22:56,20.99064747,-157.41445579999998,11326,120,0,11206.0,418.44606390036836,1.838465651513308
Hebei,China,2020-09-20 04:22:56,37.8957,114.9042,365,6,356,3.0,0.4830598200105876,1.643835616438356
Heilongjiang,China,2020-09-20 04:22:56,47.862,127.7615,948,13,935,0.0,2.5125894513649616,1.3713080168776368
Henan,China,2020-09-20 04:22:56,33.882,113.614,1279,22,1254,3.0,1.331598125976054,1.7200938232994527
Hessen,Germany,2020-09-20 04:22:56,50.6521,9.1624,17516,543,15649,1324.0,279.54889783585804,3.100022836263987
Hidalgo,Mexico,2020-09-20 04:22:56,20.0911,-98.7624,11930,1853,9478,599.0,386.53272049699103,15.532271584241409
Himachal Pradesh,India,2020-09-20 04:22:56,31.927213,77.233081,11622,111,7081,4430.0,155.95907382693534,0.9550851832731028
Hiroshima,Japan,2020-09-20 04:22:56,34.605309000000005,132.788719,472,3,461,8.0,16.832033070665652,0.6355932203389829
Hokkaido,Japan,2020-09-20 04:22:56,43.385711,142.552318,1933,106,1742,85.0,36.81870397781049,5.483704086911536
Hong Kong,China,2020-09-20 04:22:56,22.3,114.2,5009,103,4708,198.0,66.81349896785214,2.056298662407666
Huancavelica,Peru,2020-09-20 04:22:56,-13.023888,-75.00277,5997,102,0,5895.0,1641.6643854366275,1.7008504252126062
Huanuco,Peru,2020-09-20 04:22:56,-9.421676,-76.040642,14919,366,0,14553.0,1962.251742733132,2.45324753669817
Hubei,China,2020-09-20 04:22:56,30.9756,112.2707,68139,4512,63627,0.0,115.1580192665202,6.621758464315589
Huila,Colombia,2020-09-20 04:22:56,2.5359,-75.5277,9380,282,6258,2840.0,852.4281479408135,3.0063965884861408
Hunan,China,2020-09-20 04:22:56,27.6104,111.7088,1019,4,1015,0.0,1.4770256558921582,0.3925417075564279
Hyogo,Japan,2020-09-20 04:22:56,35.039913,134.828057,2582,56,2349,177.0,47.23582605068613,2.168861347792409
Ibaraki,Japan,2020-09-20 04:22:56,36.303588,140.319591,623,16,568,39.0,21.780878765810805,2.5682182985553768
Ica,Peru,2020-09-20 04:22:56,-14.235097,-75.574821,25278,1546,0,23732.0,2592.0836751435604,6.1159901890972375
Idaho,US,2020-09-20 04:22:56,44.2634012584091,-114.46012491818179,37247,441,0,36806.0,1579.9632897139206,1.0032151815843326
Illinois,US,2020-09-20 04:22:56,39.84361770127451,-89.17833006960784,275041,8672,0,266369.0,1441.0035806181918,1.8558327513052506
Indiana,US,2020-09-20 04:22:56,39.83735316565217,-86.21856844913039,110759,3503,0,107256.0,1346.4717832066463,2.908149199974838
Ingushetia Republic,Russia,2020-09-20 04:22:56,43.11542075,45.01713552,5136,78,4408,650.0,1052.3662873968071,1.5186915887850467
Inner Mongolia,China,2020-09-20 04:22:56,44.0935,113.9448,261,1,259,1.0,1.0299921073401737,0.3831417624521073
Iowa,US,2020-09-20 04:22:56,42.02991002353537,-93.46551942343434,79804,1265,0,78520.0,2100.4457978298524,1.5817059811675507
Irkutsk Oblast,Russia,2020-09-20 04:22:56,56.6370122,104.719221,18211,274,14815,3122.0,757.4676762908168,1.5045851408489377
Ishikawa,Japan,2020-09-20 04:22:56,36.769464,136.771027,750,44,636,70.0,65.92543042713525,5.866666666666666
Islamabad,Pakistan,2020-09-20 04:22:56,33.665087,73.121219,16124,180,15529,415.0,803.5595034715924,1.1163483006698092
Isle of Man,United Kingdom,2020-09-20 04:22:56,54.2361,-4.5481,339,24,312,3.0,398.6734405870731,7.079646017699115
Ivano-Frankivsk Oblast,Ukraine,2020-09-20 04:22:56,48.9226,24.7111,12212,277,5354,6581.0,889.2759668291037,2.26826072715362
Ivanovo Oblast,Russia,2020-09-20 04:22:56,56.9167446,41.43521370000001,8184,130,6708,1346.0,806.5867307415591,1.5884652981427174
Iwate,Japan,2020-09-20 04:22:56,39.593287,141.361777,23,0,23,0.0,1.874771766915332,0.0
Jalisco,Mexico,2020-09-20 04:22:56,20.6595,-103.3494,24400,2974,19623,1803.0,290.1413880387786,12.188524590163937
Jammu and Kashmir,India,2020-09-20 04:22:56,33.75943,76.612638,61041,966,39305,20770.0,448.6224048824369,1.5825428810144002
Jamtland Harjedalen,Sweden,2020-09-20 04:22:56,63.1712,14.9592,1222,64,0,1158.0,934.1793440868436,5.237315875613748
Jewish Autonomous Okrug,Russia,2020-09-20 04:22:56,48.57527615,132.66307460000002,772,10,642,120.0,476.50203068870593,1.2953367875647668
Jharkhand,India,2020-09-20 04:22:56,23.654536,85.557631,68578,602,54052,13924.0,177.69107218572196,0.8778325410481496
Jiangsu,China,2020-09-20 04:22:56,32.9711,119.455,665,0,664,1.0,0.8259843497702148,0.0
Jiangxi,China,2020-09-20 04:22:56,27.614,115.7221,935,1,934,0.0,2.011617900172117,0.106951871657754
Jilin,China,2020-09-20 04:22:56,43.6661,126.1923,157,2,155,0.0,0.5806213017751479,1.2738853503184713
Jonkoping,Sweden,2020-09-20 04:22:56,57.3708,14.3439,5224,181,0,5043.0,1436.747625818553,3.464777947932619
Junin,Peru,2020-09-20 04:22:56,-11.541783,-74.876968,17991,723,0,17268.0,1321.4102093279469,4.018676004669001
Kabardino-Balkarian Republic,Russia,2020-09-20 04:22:56,43.4806048,43.5978976,7191,86,6344,761.0,830.5344710496772,1.1959393686552635
Kagawa,Japan,2020-09-20 04:22:56,34.217292,133.969047,94,2,82,10.0,9.82906831934434,2.127659574468085
Kagoshima,Japan,2020-09-20 04:22:56,31.009484000000004,130.430665,377,12,354,11.0,23.52907400923563,3.1830238726790454
Kaliningrad Oblast,Russia,2020-09-20 04:22:56,54.7293041,21.1489473,3941,67,3118,756.0,396.2400927408937,1.7000761228114691
Kalmar,Sweden,2020-09-20 04:22:56,57.235,16.1849,911,64,0,847.0,371.16107005206845,7.025246981339188
Kalmykia Republic,Russia,2020-09-20 04:22:56,46.2313018,45.3275745,5681,65,3332,2284.0,2062.720350891207,1.1441647597254003
Kaluga Oblast,Russia,2020-09-20 04:22:56,54.4382773,35.5272854,8672,72,7367,1233.0,856.8695803394279,0.8302583025830258
Kamchatka Krai,Russia,2020-09-20 04:22:56,57.1914882,160.03838190000005,4224,67,3250,907.0,1338.5854219681391,1.5861742424242424
Kanagawa,Japan,2020-09-20 04:22:56,35.415312,139.338983,6327,136,5484,707.0,68.78468859572259,2.149517938991623
Kansas,US,2020-09-20 04:22:56,38.485378896857135,-98.08455153209523,52486,594,0,51892.0,1383.1171072253428,1.210317312108685
Karachay-Cherkess Republic,Russia,2020-09-20 04:22:56,43.7368326,41.7267991,6285,28,4703,1554.0,1347.8302827548491,0.4455051710421639
Karelia Republic,Russia,2020-09-20 04:22:56,62.61940309999999,33.4920267,3610,16,2635,959.0,579.9345846640235,0.443213296398892
Karnataka,India,2020-09-20 04:22:56,14.70518,76.166436,502982,7808,394026,101148.0,744.4671456667662,1.5523418333061618
Kemerovo Oblast,Russia,2020-09-20 04:22:56,54.53357809999999,87.342861,8323,67,6281,1975.0,308.8452645519628,0.8049981977652289
Kentucky,US,2020-09-20 04:22:56,37.62214385000001,-85.19989061799998,61106,1108,0,59998.0,1120.724105395922,1.768728543133888
Kerala,India,2020-09-20 04:22:56,10.450898,76.405749,126381,501,90085,35795.0,354.0139267719107,0.3964203479953474
Khabarovsk Krai,Russia,2020-09-20 04:22:56,51.6312684,136.121524,11325,101,9144,2080.0,852.5922568813417,0.8918322295805741
Khakassia Republic,Russia,2020-09-20 04:22:56,53.72258845,91.44293627,3963,47,3366,550.0,737.2844935843412,1.1859702245773405
Khanty-Mansi Autonomous Okrug,Russia,2020-09-20 04:22:56,61.0259025,69.0982628,21077,179,20289,609.0,1375.5651029242752,0.8492669734781991
Kharkiv Oblast,Ukraine,2020-09-20 04:22:56,49.9935,36.2304,14464,295,4102,10067.0,540.5894308487299,2.039546460176992
Kherson Oblast,Ukraine,2020-09-20 04:22:56,46.6354,32.6169,790,20,436,334.0,76.13430476851316,2.5316455696202533
Khmelnytskyi Oblast,Ukraine,2020-09-20 04:22:56,49.423,26.9871,4481,90,2044,2347.0,354.3118751013082,2.008480249944209
Khyber Pakhtunkhwa,Pakistan,2020-09-20 04:22:56,34.485332,72.09169,37317,1258,35500,559.0,122.25713863648944,3.3711177211458585
Kiev,Ukraine,2020-09-20 04:22:56,50.4501,30.5234,19140,312,5828,13000.0,648.6376575843839,1.6300940438871474
Kiev Oblast,Ukraine,2020-09-20 04:22:56,50.053,30.7667,7611,156,4929,2526.0,430.5010351030013,2.0496649586125346
Kirov Oblast,Russia,2020-09-20 04:22:56,57.9665589,49.4074599,7769,120,5512,2137.0,605.4215975524414,1.5446003346634058
Kirovohrad Oblast,Ukraine,2020-09-20 04:22:56,48.5079,32.2623,973,52,777,144.0,102.90318111488668,5.344295991778006
Kochi,Japan,2020-09-20 04:22:56,33.422519,133.367307,137,4,129,4.0,19.626691727707588,2.9197080291970803
Komi Republic,Russia,2020-09-20 04:22:56,63.9881421,54.3326073,7432,97,6376,959.0,883.8433390060092,1.3051668460710442
Kostroma Oblast,Russia,2020-09-20 04:22:56,58.424756,44.2533273,4277,58,3148,1071.0,664.8282980271216,1.3560907177928454
Krasnodar Krai,Russia,2020-09-20 04:22:56,45.7684014,39.0261044,12937,241,10164,2532.0,230.876857347834,1.8628739274947823
Krasnoyarsk Krai,Russia,2020-09-20 04:22:56,63.3233807,97.0979974,18852,530,14706,3616.0,655.3804853611875,2.8113727986420542
Kronoberg,Sweden,2020-09-20 04:22:56,56.7183,14.4115,1548,116,0,1432.0,768.3564220798238,7.493540051679586
Kumamoto,Japan,2020-09-20 04:22:56,32.608154,130.74523100000002,570,8,537,25.0,32.61677520804639,1.4035087719298245
Kurgan Oblast,Russia,2020-09-20 04:22:56,55.7655302,64.5632681,3472,26,2973,473.0,410.6266195329122,0.7488479262672811
Kursk Oblast,Russia,2020-09-20 04:22:56,51.6568453,36.4852695,7682,56,6483,1143.0,688.8221965375969,0.7289768289507941
Kyoto,Japan,2020-09-20 04:22:56,35.253815,135.443341,1672,25,1554,93.0,64.7320106374206,1.4952153110047848
La Guajira,Colombia,2020-09-20 04:22:56,11.3548,-72.5205,7207,275,5698,1234.0,818.4564368129373,3.815734702372693
La Libertad,Peru,2020-09-20 04:22:56,-7.92139,-78.370238,26715,2158,0,24557.0,1324.623165410551,8.077858880778589
La Rioja,Spain,2020-09-20 04:22:56,42.2871,-2.5396,7333,393,3107,3833.0,2338.545337419596,5.359334515205236
Ladakh,India,2020-09-20 04:22:56,34.1526,77.5771,3635,48,2600,987.0,1325.2445413414318,1.3204951856946354
Lakshadweep,India,2020-09-20 04:22:56,13.6999972,72.18333259999999,0,0,0,0.0,0.0,
Lambayeque,Peru,2020-09-20 04:22:56,-6.353049,-79.824113,24711,1650,0,23061.0,1885.184620079341,6.677188296709968
Lazio,Italy,2020-09-20 04:22:56,41.89277044,12.48366722,14179,890,7751,5538.0,241.17710894319896,6.276888356019465
Leningrad Oblast,Russia,2020-09-20 04:22:56,60.1853296,32.3925325,7519,91,5358,2070.0,414.5403943950213,1.2102673227822849
Liaoning,China,2020-09-20 04:22:56,41.2956,122.6085,265,2,262,1.0,0.6079376003670567,0.7547169811320755
Liguria,Italy,2020-09-20 04:22:56,44.41149315,8.9326992,12407,1588,9386,1433.0,800.1212402620853,12.79922624324978
Lima,Peru,2020-09-20 04:22:56,-11.766533,-76.60449799999998,349167,14009,0,335158.0,3285.195465023287,4.012120274825513
Limburg,Netherlands,2020-09-20 04:22:56,51.209227,5.93387,5990,760,0,5230.0,536.1613532390322,12.68781302170284
Lipetsk Oblast,Russia,2020-09-20 04:22:56,52.6935178,39.1122664,5715,37,5113,565.0,496.86967756070464,0.647419072615923
Lombardia,Italy,2020-09-20 04:22:56,45.46679409,9.190347404,104547,16917,78695,8935.0,1039.175299540563,16.181239059944332
Loreto,Peru,2020-09-20 04:22:56,-4.124847,-74.424115,17506,940,0,16566.0,1703.5811599844296,5.369587569976008
Los Lagos,Chile,2020-09-20 04:22:56,-41.9198,-72.1416,8086,85,7312,689.0,975.7357235600476,1.0511996042542666
Los Rios,Chile,2020-09-20 04:22:56,-40.231,-72.3311,1500,15,1254,231.0,389.7754114079468,1.0
Louisiana,US,2020-09-20 04:22:56,31.092427383437492,-91.82418665609377,160283,5342,0,154941.0,3733.9031317983195,4.510090882284929
Luhansk Oblast,Ukraine,2020-09-20 04:22:56,48.574,39.3078,735,5,399,331.0,34.156925746561186,0.6802721088435374
Lviv Oblast,Ukraine,2020-09-20 04:22:56,49.8397,24.0297,18129,515,6040,11574.0,718.8282730397566,2.8407523856804016
Macau,China,2020-09-20 04:22:56,22.1667,113.55,46,0,46,0.0,7.084094360136879,0.0
Madhya Pradesh,India,2020-09-20 04:22:56,23.541513,78.289633,100458,1901,76952,21605.0,117.68886841587172,1.89233311433634
Madre de Dios,Peru,2020-09-20 04:22:56,-11.972699,-70.53171999999998,7366,136,0,7230.0,4238.204833141542,1.8463209340211784
Madrid,Spain,2020-09-20 04:22:56,40.4168,-3.7038,187045,8999,40736,137310.0,2816.2433757038348,4.811141703868053
Magadan Oblast,Russia,2020-09-20 04:22:56,62.48858785,153.9903764,2522,23,1971,528.0,1750.2828073925505,0.9119746233148296
Magallanes,Chile,2020-09-20 04:22:56,-52.368,-70.9863,6273,64,4924,1285.0,3766.82099043433,1.0202454965726129
Magdalena,Colombia,2020-09-20 04:22:56,10.4113,-74.4057,14454,789,12119,1546.0,1077.2530717438324,5.4586965545869655
Maharashtra,India,2020-09-20 04:22:56,19.449759,76.108221,1167496,31791,834432,301273.0,948.0720829266996,2.7230071880331925
Maine,US,2020-09-20 04:22:56,44.68768840625,-69.523768628125,5034,139,0,4895.0,225.15414690457158,3.362910612539997
Manipur,India,2020-09-20 04:22:56,24.738975,93.882541,8607,52,6629,1926.0,278.40448707685,0.6041594051353549
Manitoba,Canada,2020-09-20 04:22:56,53.7609,-98.8139,1558,16,1211,331.0,113.10205246105856,1.0269576379974326
Maranhao,Brazil,2020-09-20 04:22:56,-4.9609,-45.2744,167333,3643,157810,5880.0,2365.070236365685,2.177095970310698
Marche,Italy,2020-09-20 04:22:56,43.61675973,13.5188753,7703,989,6093,621.0,505.0250086705904,12.839153576528624
Mari El Republic,Russia,2020-09-20 04:22:56,56.5767504,47.8817512,4612,47,4075,490.0,675.9163047954593,1.0190806591500434
Martinique,France,2020-09-20 04:22:56,14.6415,-61.0242,1122,18,98,1006.0,298.98871464165325,1.60427807486631
Maryland,US,2020-09-20 04:22:56,39.014920690416666,-76.67546760874998,119744,3876,0,115868.0,1498.3643167182465,3.1866707333614683
Massachusetts,US,2020-09-20 04:22:56,42.17639998153847,-71.57704993461539,127181,9295,0,117886.0,1429.4307498409673,7.750352638518131
Mato Grosso,Brazil,2020-09-20 04:22:56,-12.6819,-56.9211,112242,3214,92468,16560.0,3221.2109402129336,2.8634557474029334
Mato Grosso do Sul,Brazil,2020-09-20 04:22:56,-20.7722,-54.7852,63466,1162,56313,5991.0,2283.782645900339,1.830901585100684
Maule,Chile,2020-09-20 04:22:56,-35.5183,-71.6885,14317,297,12693,1327.0,1370.1134025551462,2.074456939302926
Mayotte,France,2020-09-20 04:22:56,-12.8275,45.166244,3541,40,2964,537.0,1297.9586749898283,1.1296243998870377
Mecklenburg-Vorpommern,Germany,2020-09-20 04:22:56,53.6127,12.4296,1105,20,1014,71.0,68.64739776662991,1.8099547511312213
Meghalaya,India,2020-09-20 04:22:56,25.536934,91.278882,4445,32,2437,1976.0,132.02800359995368,0.7199100112485939
Melilla,Spain,2020-09-20 04:22:56,35.2923,-2.9381,664,4,125,535.0,784.0451534437766,0.6024096385542169
Meta,Colombia,2020-09-20 04:22:56,3.272,-73.0877,14066,366,11374,2326.0,1352.8616303204124,2.602019053035689
Metropolitana,Chile,2020-09-20 04:22:56,-33.4376,-70.6505,282535,8998,269784,3753.0,3972.200571138712,3.184738174031536
Mexico,Mexico,2020-09-20 04:22:56,19.4969,-99.7233,76784,8936,64292,3556.0,440.5836884653762,11.637841216920192
Michigan,US,2020-09-20 04:22:56,44.04362008975902,-85.18169553542172,128087,6969,0,121118.0,685.158730176243,2.8542143237500217
Michoacan,Mexico,2020-09-20 04:22:56,19.5665,-101.7068,18684,1480,15891,1313.0,387.2009808096778,7.921216013701563
Mie,Japan,2020-09-20 04:22:56,34.508018,136.376013,469,5,388,76.0,26.33526533481725,1.0660980810234542
Minas Gerais,Brazil,2020-09-20 04:22:56,-18.5122,-44.555,268009,6656,233463,27890.0,1266.0571876778415,2.4834986884768795
Minnesota,US,2020-09-20 04:22:56,45.55201297954022,-94.43095302689653,88721,2015,0,86706.0,1261.0905289692173,1.6492882859752802
Mississippi,US,2020-09-20 04:22:56,32.792726566585365,-89.64572580048781,93087,2809,0,90278.0,3625.542447800062,3.3172428746402827
Missouri,US,2020-09-20 04:22:56,38.456764881637945,-92.4994868846552,112864,1825,0,111039.0,1432.3361520297208,1.020562550782283
Miyagi,Japan,2020-09-20 04:22:56,38.446859,140.927086,365,2,263,100.0,15.82576912153974,0.547945205479452
Miyazaki,Japan,2020-09-20 04:22:56,32.193203999999994,131.299374,365,1,340,24.0,34.00723562169419,0.273972602739726
Mizoram,India,2020-09-20 04:22:56,23.309381,92.83822,1548,0,973,575.0,124.9148674514462,0.0
Molise,Italy,2020-09-20 04:22:56,41.55774754,14.65916051,586,23,459,104.0,191.7432603552813,3.9249146757679183
Montana,US,2020-09-20 04:22:56,46.97469113196428,-109.70039488214286,10163,156,0,10007.0,874.9081308536682,1.0413011700810804
Montserrat,United Kingdom,2020-09-20 04:22:56,16.742498,-62.187366,13,1,12,0.0,260.05201040208044,7.6923076923076925
Moquegua,Peru,2020-09-20 04:22:56,-16.860271,-70.839046,11703,253,0,11450.0,6073.170731707317,2.161838844740665
Mordovia Republic,Russia,2020-09-20 04:22:56,54.4419829,44.4661144,6057,40,5025,992.0,752.3700214643452,0.6603929337956084
Morelos,Mexico,2020-09-20 04:22:56,18.6813,-99.1013,5699,1054,4449,196.0,278.80813558128,18.49447271451132
Moscow,Russia,2020-09-20 04:22:56,55.7504461,37.6174943,275633,5044,236055,34534.0,2203.9236017715,1.8299695609741944
Moscow Oblast,Russia,2020-09-20 04:22:56,55.50431579999999,38.0353929,71348,1278,54355,15715.0,950.8775039532158,1.7912204967203005
Murcia,Spain,2020-09-20 04:22:56,37.9922,-1.1307,13371,193,2180,10998.0,898.7922667969832,1.4434223319123476
Murmansk Oblast,Russia,2020-09-20 04:22:56,68.00004179999999,33.9999151,14138,194,11694,2250.0,1876.1686242712892,1.37218842834913
Mykolaiv Oblast,Ukraine,2020-09-20 04:22:56,46.975,31.9946,2374,57,815,1502.0,94.13085775257224,2.4010109519797806
Nagaland,India,2020-09-20 04:22:56,26.06702,94.470302,5357,15,4129,1213.0,238.1211675360437,0.2800074668657831
Nagano,Japan,2020-09-20 04:22:56,36.132134,138.045528,300,1,296,3.0,14.642789158478909,0.3333333333333333
Nagasaki,Japan,2020-09-20 04:22:56,33.235712,129.608033,236,3,227,6.0,17.79085791135328,1.2711864406779658
Nara,Japan,2020-09-20 04:22:56,34.317451,135.871644,552,9,527,16.0,41.49992143583714,1.6304347826086956
Narino,Colombia,2020-09-20 04:22:56,1.2892,-77.3579,17412,638,14545,2229.0,1067.8330324201272,3.664139673788192
Navarra,Spain,2020-09-20 04:22:56,42.6954,-1.6761,14205,553,3905,9747.0,2185.566185498488,3.8929954241464273
Nayarit,Mexico,2020-09-20 04:22:56,21.7514,-104.8455,5642,695,4662,285.0,437.84936957296105,12.318326834455869
Nebraska,US,2020-09-20 04:22:56,41.321794947204275,-99.03901222387097,40797,442,0,40355.0,1279.1596280773126,1.286270096822427
Nenets Autonomous Okrug,Russia,2020-09-20 04:22:56,68.27557185,57.1686375,324,0,114,210.0,736.413846398618,0.0
Nevada,US,2020-09-20 04:22:56,39.25599674470589,-117.5639935352941,75419,1528,0,73891.0,830.8086483638789,1.2714436586548763
New Brunswick,Canada,2020-09-20 04:22:56,46.5653,-66.4619,194,2,192,0.0,24.87201808221356,1.0309278350515465
New Caledonia,France,2020-09-20 04:22:56,-20.904305,165.618042,26,0,26,0.0,9.107117212101258,0.0
New Hampshire,US,2020-09-20 04:22:56,43.478972876,-71.57765670500001,7920,438,0,7482.0,340.2547539629565,2.5504484813921056
New Jersey,US,2020-09-20 04:22:56,40.286440910952386,-74.62244971476191,199309,16064,0,183245.0,1989.3869411669245,7.990893872185072
New Mexico,US,2020-09-20 04:22:56,34.54935897878787,-105.88710740909092,27512,847,0,26665.0,1051.6240454551735,2.570814584613655
New South Wales,Australia,2020-09-20 04:22:56,-33.8688,151.2093,4200,53,2994,1153.0,51.736881005173686,1.261904761904762
New York,US,2020-09-20 04:22:56,42.5441513332258,-75.47418330774194,449038,33081,0,415957.0,1019.6703584807323,4.255723579339344
Newfoundland and Labrador,Canada,2020-09-20 04:22:56,53.1355,-57.6604,272,3,267,2.0,52.17074410441821,1.1029411764705883
Niedersachsen,Germany,2020-09-20 04:22:56,52.6367,9.8451,18775,669,16482,1624.0,235.2035365592109,3.5632490013315583
Niigata,Japan,2020-09-20 04:22:56,37.521819,138.918647,162,0,144,18.0,7.287101919566588,0.0
Ningxia,China,2020-09-20 04:22:56,37.2692,106.1655,75,0,75,0.0,1.0901162790697674,0.0
Nizhny Novgorod Oblast,Russia,2020-09-20 04:22:56,55.47180329999999,44.0911594,30599,543,27156,2900.0,945.9457788417784,1.7745677963332136
Noord-Brabant,Netherlands,2020-09-20 04:22:56,51.561174,5.184942,14278,1552,0,12726.0,557.0913262230512,10.869869729654011
Noord-Holland,Netherlands,2020-09-20 04:22:56,52.60090600000001,4.918688,18087,840,0,17247.0,628.1239939753995,4.644219605241333
Nordrhein-Westfalen,Germany,2020-09-20 04:22:56,51.4332,7.6616,64692,1844,58524,4324.0,360.7497854054038,2.8504297285599463
Norrbotten,Sweden,2020-09-20 04:22:56,66.8309,20.3992,1685,88,0,1597.0,673.7493652361321,5.222551928783383
Norte de Santander,Colombia,2020-09-20 04:22:56,7.9463,-72.8988,14427,831,11890,1706.0,967.1587039925882,5.7600332709503
North Carolina,US,2020-09-20 04:22:56,35.62420971000002,-79.50109873960002,192247,3235,0,189012.0,1780.936121853806,1.9148766428890713
North Dakota,US,2020-09-20 04:22:56,47.39350672792453,-100.2493934356604,17607,192,0,17415.0,1678.1420613175292,0.7225541380290432
North Ossetia - Alania Republic,Russia,2020-09-20 04:22:56,42.79336110000001,44.6324493,5440,68,4607,765.0,775.1882752773364,1.25
Northern Ireland,United Kingdom,2020-09-20 04:22:56,54.7877,-6.4923,9165,575,0,8590.0,487.0854591836735,6.273867975995636
Northern Mariana Islands,US,2020-09-20 04:22:56,15.0979,145.6739,68,2,0,66.0,123.31350645582476,2.9411764705882355
Northern Territory,Australia,2020-09-20 04:22:56,-12.4634,130.8456,33,0,31,2.0,13.436482084690551,0.0
Northwest Territories,Canada,2020-09-20 04:22:56,64.8255,-124.8457,5,0,5,0.0,11.134865490824868,0.0
Nova Scotia,Canada,2020-09-20 04:22:56,44.682,-63.7443,1086,65,1021,0.0,111.10463171269942,5.985267034990794
Novgorod Oblast,Russia,2020-09-20 04:22:56,58.2843833,32.5169757,4832,86,3539,1207.0,796.7339185722107,1.7798013245033113
Novosibirsk Oblast,Russia,2020-09-20 04:22:56,54.9720169,79.48139240000002,12410,410,11289,711.0,444.9864442284252,3.30378726833199
Nuble,Chile,2020-09-20 04:22:56,-36.7226,-71.7622,5881,105,5223,553.0,1223.6558200116935,1.7854106444482232
Nuevo Leon,Mexico,2020-09-20 04:22:56,25.5922,-99.9962,35910,2820,30263,2827.0,640.0894948854336,7.85296574770259
OHiggins,Chile,2020-09-20 04:22:56,-34.5755,-71.0022,15386,383,14218,785.0,1682.3482458682092,2.489275965163136
Oaxaca,Mexico,2020-09-20 04:22:56,17.0732,-96.7266,15374,1356,13292,726.0,371.0306490043787,8.820085859242877
Odessa Oblast,Ukraine,2020-09-20 04:22:56,46.4846,30.7326,11205,160,2424,8621.0,470.73740037003614,1.42793395805444
Odisha,India,2020-09-20 04:22:56,20.505428,84.418059,171341,682,137567,33092.0,369.61723504710267,0.3980366637290549
Ohio,US,2020-09-20 04:22:56,40.310669812954565,-82.83540800659091,143547,4612,0,138935.0,979.0851834487986,3.3684885644565266
Oita,Japan,2020-09-20 04:22:56,33.200697,131.43323999999998,158,2,151,5.0,13.915383897258671,1.2658227848101269
Okayama,Japan,2020-09-20 04:22:56,34.89246,133.826252,148,1,146,1.0,7.832403500025933,0.6756756756756757
Okinawa,Japan,2020-09-20 04:22:56,25.768923,126.668016,2343,45,2139,159.0,161.23393853979718,1.9206145966709347
Oklahoma,US,2020-09-20 04:22:56,35.50191442597403,-97.2513995677922,75804,943,0,74861.0,1607.759976377195,1.4069193324587437
Omsk Oblast,Russia,2020-09-20 04:22:56,56.09352629999999,73.5099936,10190,261,8917,1012.0,519.8764744926358,2.561334641805692
Ontario,Canada,2020-09-20 04:22:56,51.2538,-85.3232,48317,2876,42573,2868.0,328.4228396649852,5.952356313512842
Orebro,Sweden,2020-09-20 04:22:56,59.535,15.0066,2860,172,0,2688.0,938.3048178343532,6.013986013986014
Oregon,US,2020-09-20 04:22:56,44.49240067472221,-121.47691959722222,30342,521,0,29821.0,850.0646279969998,1.2359572808024395
Orel Oblast,Russia,2020-09-20 04:22:56,52.96854329999999,36.0692477,7975,122,6365,1488.0,1067.2508554734914,1.5297805642633229
Orenburg Oblast,Russia,2020-09-20 04:22:56,52.02692620000001,54.7276647,11729,82,10667,980.0,593.0566510931781,0.6991218347685225
Osaka,Japan,2020-09-20 04:22:56,34.620965000000005,135.507481,10001,192,9014,795.0,113.52693719171296,1.91980801919808
Ostergotland,Sweden,2020-09-20 04:22:56,58.3454,15.5198,3954,277,0,3677.0,849.4183610994747,7.005563985837128
Overijssel,Netherlands,2020-09-20 04:22:56,52.444558,6.441722,4041,314,0,3727.0,347.6410135529238,7.7703538728037636
P.A. Bolzano,Italy,2020-09-20 04:22:56,46.49933453,11.35662422,3281,292,2584,405.0,616.3608970577737,8.899725693386163
P.A. Trento,Italy,2020-09-20 04:22:56,46.06893511,11.12123097,5689,405,4750,534.0,1050.7593024243745,7.119001582000352
Pais Vasco,Spain,2020-09-20 04:22:56,42.9896,-2.6189,39430,1749,16160,21521.0,1810.4762429518607,4.435708851128583
Para,Brazil,2020-09-20 04:22:56,-1.9981,-54.9306,220205,6451,204728,9026.0,2559.670528364679,2.9295429259099475
Paraiba,Brazil,2020-09-20 04:22:56,-7.24,-36.782,116588,2695,89305,24588.0,2901.550896723772,2.3115586509760866
Parana,Brazil,2020-09-20 04:22:56,-25.2521,-52.0215,163479,4093,114358,45028.0,1429.7674899424585,2.503685488656035
Pasco,Peru,2020-09-20 04:22:56,-10.39655,-75.307635,4657,100,0,4557.0,1712.7620448694372,2.147305132059265
Pennsylvania,US,2020-09-20 04:22:56,40.81807835477611,-77.61531783850747,154236,7940,0,146296.0,744.38381703144,3.588080527767695
Penza Oblast,Russia,2020-09-20 04:22:56,53.1655415,44.78791810000001,9875,122,8479,1274.0,741.5584366821738,1.2354430379746837
Perm Krai,Russia,2020-09-20 04:22:56,58.5951603,56.3159546,9012,248,6244,2520.0,343.56007841038274,2.751886373723924
Pernambuco,Brazil,2020-09-20 04:22:56,-8.8137,-36.9541,141042,8004,122512,10526.0,1475.786880729462,5.674905347343343
Piaui,Brazil,2020-09-20 04:22:56,-7.7183,-42.7289,90061,2025,87492,544.0,2751.443758712732,2.248476032911027
Piemonte,Italy,2020-09-20 04:22:56,45.0732745,7.680687483,34241,4154,27783,2304.0,785.9919392269683,12.131655033439444
Piura,Peru,2020-09-20 04:22:56,-5.133361,-80.335861,33299,1911,0,31388.0,1625.927734375,5.738911078410762
Poltava Oblast,Ukraine,2020-09-20 04:22:56,49.5883,34.5514,1461,33,714,714.0,104.32442969668794,2.2587268993839835
Port Quarantine,Japan,2020-09-20 04:22:56,,,887,1,514,372.0,,0.1127395715896279
Primorsky Krai,Russia,2020-09-20 04:22:56,45.0819456,134.726645,10985,113,9419,1453.0,574.2178536013679,1.028675466545289
Prince Edward Island,Canada,2020-09-20 04:22:56,46.5107,-63.4168,57,0,56,1.0,36.039909457630976,0.0
Pskov Oblast,Russia,2020-09-20 04:22:56,57.5358729,28.8586826,5091,65,3887,1139.0,799.7850901584488,1.2767629149479474
Puducherry,India,2020-09-20 04:22:56,11.882658,78.86498,21913,462,16715,4736.0,1550.219236499517,2.1083375165426914
Puebla,Mexico,2020-09-20 04:22:56,19.0414,-98.2063,29938,3916,25066,956.0,453.3003575921753,13.080366089919169
Puerto Rico,US,2020-09-20 04:22:56,18.240118884615384,-66.40498556410255,40993,605,0,40388.0,959.8048681345709,1.360161870503597
Puglia,Italy,2020-09-20 04:22:56,41.12559576,16.86736689,6944,578,4278,2088.0,172.34819199449598,8.323732718894009
Punjab,India,2020-09-20 04:22:56,30.841465000000003,75.40879,92833,2708,68463,21662.0,307.99194184020746,2.9170661295013627
Punjab,Pakistan,2020-09-20 04:22:56,30.811346,72.13913199999998,98368,2226,94773,1369.0,89.41534085753682,2.2629310344827585
Puno,Peru,2020-09-20 04:22:56,-14.995826999999998,-69.922726,11588,278,0,11310.0,936.0258481421648,2.399033482913359
Putumayo,Colombia,2020-09-20 04:22:56,0.436,-75.5277,3619,160,3065,394.0,1039.3989350397203,4.421110804089527
Qinghai,China,2020-09-20 04:22:56,35.7452,95.9956,18,0,18,0.0,0.2985074626865671,0.0
Quebec,Canada,2020-09-20 04:22:56,52.9399,-73.5491,67080,5797,58490,2793.0,785.6940895143103,8.641920095408468
Queensland,Australia,2020-09-20 04:22:56,-27.4698,153.0251,1152,6,1123,23.0,22.51979278662888,0.5208333333333334
Queretaro,Mexico,2020-09-20 04:22:56,20.5888,-100.3899,8152,917,6702,533.0,357.60079345966034,11.248773307163882
Quindio,Colombia,2020-09-20 04:22:56,4.461,-75.6674,2531,76,1571,884.0,468.7870436225699,3.0027657052548395
Quintana Roo,Mexico,2020-09-20 04:22:56,19.1817,-88.4791,11290,1573,9361,356.0,655.1539843981665,13.932683790965454
Rajasthan,India,2020-09-20 04:22:56,26.583423,73.847973,111290,1308,92265,17717.0,137.33963585979478,1.1753077545152304
Recovered,US,2020-09-20 04:22:56,,,0,0,2577446,-2577446.0,,
Reunion,France,2020-09-20 04:22:56,-21.1151,55.5364,3194,15,2482,697.0,356.74873898144546,0.469630557294928
Rheinland-Pfalz,Germany,2020-09-20 04:22:56,50.1183,7.309,10075,247,9057,771.0,246.6434458696587,2.4516129032258065
Rhode Island,US,2020-09-20 04:22:56,41.655142106,-71.464105098,23620,1088,0,22532.0,1180.0665381573326,8.07361234787771
Rio Grande do Norte,Brazil,2020-09-20 04:22:56,-5.4026,-36.9541,66963,2348,39924,24691.0,1909.489790418931,3.506413989815272
Rio Grande do Sul,Brazil,2020-09-20 04:22:56,-30.0346,-51.2177,174140,4371,159153,10616.0,1530.5998230326354,2.510049385551855
Rio de Janeiro,Brazil,2020-09-20 04:22:56,-22.9068,-43.1729,251261,17634,228258,5369.0,1455.324816305504,7.018200198200277
Risaralda,Colombia,2020-09-20 04:22:56,5.3158,-75.9928,9468,195,6938,2335.0,1003.602921769216,2.0595690747782003
Rivne Oblast,Ukraine,2020-09-20 04:22:56,50.6199,26.2516,11015,151,8576,2288.0,951.7835031681471,1.3708579210167953
Rondonia,Brazil,2020-09-20 04:22:56,-11.5057,-63.5806,62697,1297,52932,8468.0,3527.803176300132,2.068679522146195
Roraima,Brazil,2020-09-20 04:22:56,-2.7376,-62.0751,48088,613,15164,32311.0,7938.444369974297,1.2747462984528364
Rostov Oblast,Russia,2020-09-20 04:22:56,47.6222451,40.7957942,19885,436,16054,3395.0,471.15806553421294,2.19260749308524
Ryazan Oblast,Russia,2020-09-20 04:22:56,54.42267320000001,40.57052460000001,7747,47,6565,1135.0,690.7873031385478,0.6066864592745579
Saarland,Germany,2020-09-20 04:22:56,49.3964,7.023,3275,176,3003,96.0,330.63808607493723,5.374045801526719
Sachsen,Germany,2020-09-20 04:22:56,51.1045,13.2017,6658,226,5826,606.0,163.26882931246854,3.3944127365575247
Sachsen-Anhalt,Germany,2020-09-20 04:22:56,51.9503,11.6923,2423,66,2213,144.0,109.72136750046757,2.723895996698308
Saga,Japan,2020-09-20 04:22:56,33.286977,130.115738,243,0,243,0.0,29.82652744347382,0.0
Saint Barthelemy,France,2020-09-20 04:22:56,17.9,-62.8333,23,0,16,7.0,232.6757713707637,0.0
Saint Petersburg,Russia,2020-09-20 04:22:56,59.9606739,30.158655100000004,40517,2762,27717,10038.0,757.0532900717218,6.816891675099341
Saint Pierre and Miquelon,France,2020-09-20 04:22:56,46.8852,-56.3159,11,0,5,6.0,189.8188093183779,0.0
Saitama,Japan,2020-09-20 04:22:56,35.997101,139.347635,4424,100,4011,313.0,60.192990373883646,2.260397830018084
Sakha (Yakutiya) Republic,Russia,2020-09-20 04:22:56,66.941626,129.642371,8536,93,6632,1811.0,885.174162371802,1.0895032802249298
Sakhalin Oblast,Russia,2020-09-20 04:22:56,49.7219665,143.448533,5206,0,3679,1527.0,1062.0566688631343,0.0
Samara Oblast,Russia,2020-09-20 04:22:56,53.2128813,50.8914633,10550,172,8210,2168.0,330.3570925319257,1.6303317535545023
San Andres y Providencia,Colombia,2020-09-20 04:22:56,12.5567,-81.7185,841,9,337,495.0,1372.3890339425589,1.070154577883472
San Luis Potosi,Mexico,2020-09-20 04:22:56,22.1565,-100.9855,21524,1531,19097,896.0,750.974655128741,7.112990150529642
San Martin,Peru,2020-09-20 04:22:56,-7.039531,-76.729127,16297,686,0,15611.0,1811.5829257447756,4.20936368656808
Santa Catarina,Brazil,2020-09-20 04:22:56,-27.2423,-50.2189,205250,2635,194520,8095.0,2864.7044406617474,1.2838002436053593
Santander,Colombia,2020-09-20 04:22:56,6.6437,-73.6536,27012,1158,20338,5516.0,1236.3393699392675,4.286983562860952
Sao Paulo,Brazil,2020-09-20 04:22:56,-23.5505,-46.6333,931673,33927,780448,117298.0,2028.946636068181,3.641513707062456
Saratov Oblast,Russia,2020-09-20 04:22:56,51.6520555,46.86319520000001,14332,93,9477,4762.0,581.9038145313548,0.6488975718671505
Sardegna,Italy,2020-09-20 04:22:56,39.21531192,9.110616306,3167,141,1431,1595.0,193.1579278002868,4.452162930217872
Saskatchewan,Canada,2020-09-20 04:22:56,52.9399,-106.4509,1787,24,1642,121.0,151.22716571349258,1.3430330162283155
Schleswig-Holstein,Germany,2020-09-20 04:22:56,54.2194,9.6961,4384,161,3981,242.0,151.34400658401665,3.672445255474453
Scotland,United Kingdom,2020-09-20 04:22:56,56.4907,-4.2026,24126,2505,0,21621.0,441.6012300258087,10.38298930614275
Sergipe,Brazil,2020-09-20 04:22:56,-10.5741,-37.3857,75772,1976,68932,4864.0,3296.303643456987,2.6078234704112337
Sevastopol*,Ukraine,2020-09-20 04:22:56,44.6054,33.522,763,22,517,224.0,172.15276696652387,2.8833551769331587
Shaanxi,China,2020-09-20 04:22:56,35.1917,108.8701,399,3,372,24.0,1.0326086956521738,0.7518796992481203
Shandong,China,2020-09-20 04:22:56,36.3427,118.1498,831,7,815,9.0,0.8271125709166915,0.8423586040914561
Shanghai,China,2020-09-20 04:22:56,31.202,121.4491,972,7,916,49.0,4.00990099009901,0.7201646090534979
Shanxi,China,2020-09-20 04:22:56,37.5777,112.2922,203,0,203,0.0,0.5459924690693921,0.0
Shiga,Japan,2020-09-20 04:22:56,35.21582700000001,136.138064,477,7,448,22.0,33.73544760998145,1.4675052410901468
Shimane,Japan,2020-09-20 04:22:56,35.07076,132.55406399999998,137,0,137,0.0,20.315980223802026,0.0
Shizuoka,Japan,2020-09-20 04:22:56,34.916975,138.40778400000002,519,2,494,23.0,14.244435612955357,0.3853564547206166
Sichuan,China,2020-09-20 04:22:56,30.6171,102.7103,672,3,652,17.0,0.8056587939096032,0.4464285714285714
Sicilia,Italy,2020-09-20 04:22:56,38.11569725,13.362356699999998,5846,296,3318,2232.0,116.92254891156628,5.063291139240507
Sikkim,India,2020-09-20 04:22:56,27.571671,88.472712,2303,24,1857,422.0,333.646745893885,1.0421189752496742
Sinaloa,Mexico,2020-09-20 04:22:56,25.1721,-107.4795,17772,3031,14186,555.0,562.997636119536,17.054917848300697
Sindh,Pakistan,2020-09-20 04:22:56,26.009446,68.77680699999999,133626,2459,128239,2928.0,279.04994713387407,1.840210737431338
Sint Maarten,Netherlands,2020-09-20 04:22:56,18.0425,-63.0548,584,20,488,76.0,1361.876778135348,3.424657534246576
Skane,Sweden,2020-09-20 04:22:56,55.9903,13.5958,5366,276,0,5090.0,389.4538283833892,5.143496086470369
Smolensk Oblast,Russia,2020-09-20 04:22:56,55.03434960000001,33.0192065,6408,137,5627,644.0,674.9895717903235,2.137952559300874
Sonora,Mexico,2020-09-20 04:22:56,29.2972,-110.3309,23749,2827,20240,682.0,772.3892550439142,11.90365910143585
Sormland,Sweden,2020-09-20 04:22:56,59.0336,16.7519,2460,254,0,2206.0,826.7795926598102,10.32520325203252
South Australia,Australia,2020-09-20 04:22:56,-34.9285,138.6007,466,4,462,0.0,26.530031312268715,0.8583690987124464
South Carolina,US,2020-09-20 04:22:56,33.957472131086966,-80.9833996921739,137240,3188,0,134052.0,2792.0931737803626,2.8250706875044442
South Dakota,US,2020-09-20 04:22:56,44.27269492727272,-99.31063618348485,18444,200,0,18244.0,1617.141081051999,0.8400691017366768
St Martin,France,2020-09-20 04:22:56,18.0708,-63.0501,330,6,206,118.0,853.6175276132336,1.818181818181818
Stavropol Krai,Russia,2020-09-20 04:22:56,44.86325770000001,43.4406913,14487,287,10225,3975.0,517.268343263086,1.9810864913370607
Stockholm,Sweden,2020-09-20 04:22:56,59.6025,18.1384,23739,2400,0,21339.0,998.6618041202636,10.109945659042085
Sucre,Colombia,2020-09-20 04:22:56,8.814,-74.7233,13512,559,11964,989.0,1493.264726262429,4.137063351095323
Sumy Oblast,Ukraine,2020-09-20 04:22:56,50.9077,34.7981,2916,50,1302,1564.0,269.64596483505915,1.7146776406035664
Sverdlovsk Oblast,Russia,2020-09-20 04:22:56,58.6414755,61.8021546,27679,567,21087,6025.0,639.9390001424193,2.048484410563965
Tabasco,Mexico,2020-09-20 04:22:56,17.8409,-92.6189,30753,2745,27115,893.0,1195.5508852628031,8.925958443078724
Tacna,Peru,2020-09-20 04:22:56,-17.644160999999997,-70.27756,11012,194,0,10818.0,2968.194070080863,1.761714493280058
Tamaulipas,Mexico,2020-09-20 04:22:56,24.2669,-98.8363,27645,2059,24678,908.0,757.2723622021792,7.448001446916259
Tambov Oblast,Russia,2020-09-20 04:22:56,52.9019574,41.3578918,7288,46,6392,850.0,705.1411056241002,0.6311745334796927
Tamil Nadu,India,2020-09-20 04:22:56,11.006091,78.400624,530908,8685,475717,46506.0,682.0392581739452,1.6358766490616077
Tarapaca,Chile,2020-09-20 04:22:56,-19.9232,-69.5132,11401,218,10898,285.0,3449.016511474537,1.912112972546268
Tasmania,Australia,2020-09-20 04:22:56,-42.8821,147.3272,230,13,217,0.0,42.95051353874883,5.652173913043479
Tatarstan Republic,Russia,2020-09-20 04:22:56,55.7648572,52.43104273,6974,45,5898,1031.0,179.08298418913463,0.6452537998279323
Telangana,India,2020-09-20 04:22:56,18.1124,79.0193,169169,1025,137508,30636.0,429.7694580752169,0.6059029727668781
Tennessee,US,2020-09-20 04:22:56,35.88510221221052,-86.10872298863156,181439,2216,0,179223.0,2709.5738382875134,1.2692344445502182
Ternopil Oblast,Ukraine,2020-09-20 04:22:56,49.5535,25.5948,11016,133,4862,6021.0,1053.2767174787905,1.2073347857661585
Texas,US,2020-09-20 04:22:56,31.660643442283458,-98.65306860334638,707940,15051,0,692889.0,1996.52064410729,2.963556874087948
Thuringen,Germany,2020-09-20 04:22:56,51.011,10.8453,3919,189,3532,198.0,182.86210219093903,4.82265884154121
Tianjin,China,2020-09-20 04:22:56,39.3054,117.323,237,3,226,8.0,1.5192307692307692,1.2658227848101269
Tibet,China,2020-09-20 04:22:56,31.6927,88.0924,1,0,1,0.0,0.0290697674418604,0.0
Tlaxcala,Mexico,2020-09-20 04:22:56,19.3139,-98.2404,7165,1002,5994,169.0,519.1987600098839,13.984647592463364
Tocantins,Brazil,2020-09-20 04:22:56,-10.1753,-48.2982,63167,866,45266,17035.0,4016.04459629746,1.3709690186331471
Tochigi,Japan,2020-09-20 04:22:56,36.689912,139.819213,385,1,313,71.0,19.90703157720567,0.2597402597402597
Tokushima,Japan,2020-09-20 04:22:56,33.919178,134.242091,147,9,107,31.0,20.192945656250128,6.122448979591836
Tokyo,Japan,2020-09-20 04:22:56,35.711343,139.446921,24056,390,21208,2458.0,172.8078612347702,1.6212171599600929
Tolima,Colombia,2020-09-20 04:22:56,4.0925,-75.1545,10862,277,8129,2456.0,816.5769173807892,2.5501749217455347
Tomsk Oblast,Russia,2020-09-20 04:22:56,58.6124279,82.04753149999998,6713,78,5462,1173.0,622.5655673850947,1.1619246238641443
Toscana,Italy,2020-09-20 04:22:56,43.76923077,11.25588885,13665,1152,9686,2827.0,366.38915112741415,8.430296377607025
Tottori,Japan,2020-09-20 04:22:56,35.359069,133.863619,36,0,23,13.0,6.479971488125452,0.0
Toyama,Japan,2020-09-20 04:22:56,36.637464,137.26934599999998,410,25,374,11.0,39.29077280158543,6.097560975609755
Tripura,India,2020-09-20 04:22:56,23.746783,91.743565,21484,235,14142,7107.0,515.2292895044695,1.093837274250605
Tula Oblast,Russia,2020-09-20 04:22:56,53.9570701,37.3690909,9808,356,8801,651.0,657.4365471175147,3.629690048939641
Tumbes,Peru,2020-09-20 04:22:56,-3.857496,-80.54525500000003,6735,293,0,6442.0,2677.9324055666,4.350408314773572
Turks and Caicos Islands,United Kingdom,2020-09-20 04:22:56,21.69400000000001,-71.7979,668,5,572,91.0,1725.2957280851283,0.7485029940119761
Tver Oblast,Russia,2020-09-20 04:22:56,57.1134475,35.174442799999994,5862,227,4416,1219.0,456.58721695993296,3.872398498805868
Tyumen Oblast,Russia,2020-09-20 04:22:56,58.8206488,70.36588370000001,8754,36,7402,1316.0,237.081572960676,0.4112405757368061
Tyva Republic,Russia,2020-09-20 04:22:56,51.4017149,93.8582593,7321,71,6609,641.0,2275.5671045188087,0.9698128670946592
Ucayali,Peru,2020-09-20 04:22:56,-9.621718,-73.444929,15295,309,0,14986.0,2596.3333899168224,2.0202680614579926
Udmurt Republic,Russia,2020-09-20 04:22:56,57.1961165,52.69598320000001,4245,62,3261,922.0,280.5602480826731,1.4605418138987043
Ulyanovsk Oblast,Russia,2020-09-20 04:22:56,54.1463177,47.2324921,14154,140,12136,1878.0,1135.3919163689277,0.9891196834817012
Umbria,Italy,2020-09-20 04:22:56,43.10675841,12.38824698,2192,83,1638,471.0,248.5218505354217,3.7864963503649633
Unknown,Chile,2020-09-20 04:22:56,,,54,1,54,0.0,,1.851851851851852
Unknown,Germany,2020-09-20 04:22:56,,,2344,0,0,2344.0,,0.0
Unknown,India,2020-09-20 04:22:56,,,0,0,0,0.0,,
Unknown,Japan,2020-09-20 04:22:56,,,8,0,8,0.0,,0.0
Unknown,Netherlands,2020-09-20 04:22:56,,,792,18,0,774.0,,2.272727272727273
Unknown,Peru,2020-09-20 04:22:56,,,0,0,594513,-594513.0,,
Unknown,Spain,2020-09-20 04:22:56,,,0,0,0,0.0,,
Unknown,United Kingdom,2020-09-20 04:22:56,,,0,0,0,0.0,,
Uppsala,Sweden,2020-09-20 04:22:56,60.0092,17.2715,3919,243,0,3676.0,1021.3362591311736,6.20056136769584
Utah,US,2020-09-20 04:22:56,40.014400114615384,-111.46087804615384,62852,440,0,62412.0,1710.0988273242033,0.8431449372770398
Utrecht,Netherlands,2020-09-20 04:22:56,52.084251,5.163824,7260,437,0,6823.0,535.8590056051147,6.019283746556474
Uttar Pradesh,India,2020-09-20 04:22:56,26.925425,80.560982,342788,4869,270094,67825.0,144.09957679776872,1.4204114496423446
Uttarakhand,India,2020-09-20 04:22:56,30.156447,79.197608,38007,464,26250,11293.0,337.81423603426515,1.2208277422580052
Valle d'Aosta,Italy,2020-09-20 04:22:56,45.73750286,7.320149366,1276,146,1082,48.0,1015.3900020689764,11.442006269592474
Valle del Cauca,Colombia,2020-09-20 04:22:56,3.8009,-76.6413,56837,2092,47119,7626.0,1269.8491427172185,3.680700951844748
Valparaiso,Chile,2020-09-20 04:22:56,-33.0472,-71.6127,26095,823,24120,1152.0,1437.026888014882,3.1538608928913585
Varmland,Sweden,2020-09-20 04:22:56,59.7294,13.2354,1241,73,0,1168.0,439.42580750246094,5.882352941176472
Vasterbotten,Sweden,2020-09-20 04:22:56,65.3337,16.5162,905,31,0,874.0,333.0438366649984,3.425414364640884
Vasternorrland,Sweden,2020-09-20 04:22:56,63.4276,17.7292,1881,136,0,1745.0,766.6692480446063,7.230196703880915
Vastmanland,Sweden,2020-09-20 04:22:56,59.6714,16.2159,2854,183,0,2671.0,1034.639018289257,6.412053258584442
Vastra Gotaland,Sweden,2020-09-20 04:22:56,58.2528,13.0596,19514,860,0,18654.0,1130.6689163389594,4.407092343958183
Vaupes,Colombia,2020-09-20 04:22:56,0.8554,-70.812,679,5,457,217.0,1664.3380640733387,0.7363770250368189
Veneto,Italy,2020-09-20 04:22:56,45.43490485,12.33845213,25609,2158,20406,3045.0,522.0090120904537,8.426724979499395
Veracruz,Mexico,2020-09-20 04:22:56,19.1738,-96.1342,31680,4046,26543,1091.0,370.9661818891218,12.771464646464649
Vermont,US,2020-09-20 04:22:56,44.159495798571434,-72.68438070571429,1710,58,0,1652.0,203.13344587557617,1.5923367108605009
Vichada,Colombia,2020-09-20 04:22:56,4.4234,-69.2878,397,4,221,172.0,368.24725437815374,1.0075566750629723
Victoria,Australia,2020-09-20 04:22:56,-37.8136,144.9631,20042,761,18379,902.0,302.2971688864085,3.797026244885741
Vinnytsia Oblast,Ukraine,2020-09-20 04:22:56,49.2331,28.4682,5200,98,3461,1641.0,333.24916655665174,1.8846153846153848
Virgin Islands,US,2020-09-20 04:22:56,18.3358,-64.8963,1257,19,0,1238.0,1171.831301040385,1.511535401750199
Virginia,US,2020-09-20 04:22:56,37.56615032526316,-78.51371173503755,139546,2988,0,136558.0,1552.5389847999609,2.500897000111522
Vladimir Oblast,Russia,2020-09-20 04:22:56,56.0503336,40.6561633,6906,201,5774,931.0,501.03857039316216,2.9105125977410946
Volgograd Oblast,Russia,2020-09-20 04:22:56,49.6048339,44.29035820000001,13965,130,12334,1501.0,553.8862068254329,0.9308986752595776
Vologda Oblast,Russia,2020-09-20 04:22:56,60.0391461,43.1215213,4124,45,3523,556.0,350.47493432844186,1.0911736178467508
Volyn Oblast,Ukraine,2020-09-20 04:22:56,50.7472,25.3254,6783,143,4774,1866.0,655.1534293413695,2.108211705734925
Voronezh Oblast,Russia,2020-09-20 04:22:56,50.9800393,40.15065070000001,16256,153,15125,978.0,696.5559558619368,0.9411909448818898
Wakayama,Japan,2020-09-20 04:22:56,33.911879,135.505446,236,5,227,4.0,25.515361653222453,2.1186440677966103
Wales,United Kingdom,2020-09-20 04:22:56,52.1307,-3.7837,20445,1603,0,18842.0,651.4050850697762,7.840547811200782
Washington,US,2020-09-20 04:22:56,47.23378642,-120.71922041538463,82199,2037,0,80162.0,1135.25615389778,1.7117586347804399
West Bengal,India,2020-09-20 04:22:56,23.814082,87.979803,218772,4242,190021,24509.0,219.63008816556012,1.9390049914979977
West Virginia,US,2020-09-20 04:22:56,38.81425370672727,-80.6174545132727,13889,311,0,13578.0,599.2404678796695,2.1671369102822378
Western Australia,Australia,2020-09-20 04:22:56,-31.9505,115.8605,662,9,650,3.0,25.165361514483383,1.3595166163141994
Wisconsin,US,2020-09-20 04:22:56,44.395143494861124,-89.79797998097222,97279,1238,0,96041.0,1172.4140453754853,1.0048877934930296
Wyoming,US,2020-09-20 04:22:56,43.086885505217396,-107.15324220434782,4781,49,0,4731.0,801.660984838427,1.2499979839011501
Xinjiang,China,2020-09-20 04:22:56,41.1129,85.2401,902,3,899,0.0,3.626859670285485,0.3325942350332594
Yamagata,Japan,2020-09-20 04:22:56,38.448396,140.102154,78,1,76,1.0,7.237864050642778,1.2820512820512822
Yamaguchi,Japan,2020-09-20 04:22:56,34.201190000000004,131.573293,195,1,171,23.0,14.355800037693175,0.5128205128205128
Yamalo-Nenets Autonomous Okrug,Russia,2020-09-20 04:22:56,67.1471631,74.3415488,14398,98,13259,1041.0,2673.48996466418,0.6806500902903181
Yamanashi,Japan,2020-09-20 04:22:56,35.612364,138.61148899999998,181,6,168,7.0,22.3193366841111,3.314917127071824
Yaroslavl Oblast,Russia,2020-09-20 04:22:56,57.77819760000001,39.0021095,8041,45,7659,337.0,635.3086552409608,0.5596318865812709
Yucatan,Mexico,2020-09-20 04:22:56,20.7099,-89.0943,17222,1506,14630,1086.0,762.3396594570047,8.74462896295436
Yukon,Canada,2020-09-20 04:22:56,64.2823,-135.0,15,0,15,0.0,36.51589658698087,0.0
Yunnan,China,2020-09-20 04:22:56,24.974,101.487,206,2,196,8.0,0.4265010351966873,0.9708737864077672
Zabaykalsky Krai,Russia,2020-09-20 04:22:56,52.248521,115.956325,5481,65,4602,814.0,510.9031828681048,1.1859149790184274
Zacatecas,Mexico,2020-09-20 04:22:56,22.7709,-102.5832,6748,630,5518,600.0,404.9384731155178,9.33609958506224
Zakarpattia Oblast,Ukraine,2020-09-20 04:22:56,48.6208,22.2879,9110,290,4054,4766.0,724.8556256275847,3.18331503841932
Zaporizhia Oblast,Ukraine,2020-09-20 04:22:56,47.8388,35.1396,2829,42,1075,1712.0,165.84243737381553,1.4846235418875928
Zeeland,Netherlands,2020-09-20 04:22:56,51.47936,3.861559,1210,72,0,1138.0,315.5248664886515,5.950413223140496
Zhejiang,China,2020-09-20 04:22:56,29.1832,120.0934,1282,1,1272,9.0,2.2346173958514903,0.078003120124805
Zhytomyr Oblast,Ukraine,2020-09-20 04:22:56,50.2547,28.6587,4931,90,2379,2462.0,404.1163979796639,1.825187588724397
Zuid-Holland,Netherlands,2020-09-20 04:22:56,51.937835,4.462114,26644,1364,0,25280.0,718.4196278152752,5.119351448731422
,Afghanistan,2020-09-20 04:22:56,33.93911,67.709953,38919,1437,32576,4906.0,99.9760046286072,3.692283974408386
,Albania,2020-09-20 04:22:56,41.1533,20.1683,12226,358,6888,4980.0,424.83841823615273,2.9281858334696547
,Algeria,2020-09-20 04:22:56,28.0339,1.6596,49623,1665,34923,13035.0,113.16264472888363,3.35529895411402
,Andorra,2020-09-20 04:22:56,42.5063,1.5218,1564,53,1164,347.0,2024.202420242024,3.3887468030690537
,Angola,2020-09-20 04:22:56,-11.2027,17.8739,3901,147,1445,2309.0,11.869312329589718,3.7682645475519103
,Antigua and Barbuda,2020-09-20 04:22:56,17.0608,-61.7964,96,3,92,1.0,98.03120660076792,3.125
,Argentina,2020-09-20 04:22:56,-38.4161,-63.6167,622934,12799,478077,132058.0,1378.3013399681124,2.0546317908478264
,Armenia,2020-09-20 04:22:56,40.0691,45.0382,47154,928,42551,3675.0,1591.3019356554364,1.9680196801968015
,Austria,2020-09-20 04:22:56,47.5162,14.5501,37474,765,28961,7748.0,416.08189731746313,2.0414153813310563
,Azerbaijan,2020-09-20 04:22:56,40.1431,47.5769,39042,574,36601,1867.0,385.0609147193928,1.4702115670303777
,Bahamas,2020-09-20 04:22:56,25.025885,-78.035889,3214,73,1679,1462.0,817.2959557327691,2.271313005600498
,Bahrain,2020-09-20 04:22:56,26.0275,50.55,64499,221,57299,6979.0,3790.529171953409,0.3426409711778477
,Bangladesh,2020-09-20 04:22:56,23.685,90.3563,347372,4913,254386,88073.0,210.92555796386705,1.4143339129233214
,Barbados,2020-09-20 04:22:56,13.1939,-59.5432,185,7,172,6.0,64.37671163756956,3.783783783783784
,Belarus,2020-09-20 04:22:56,53.7098,27.9534,75461,776,73212,1473.0,798.5864804465845,1.0283457680126158
,Belgium,2020-09-20 04:22:56,50.8333,4.469936,100748,9944,18945,71859.0,869.2954106503615,9.870171120022231
,Belize,2020-09-20 04:22:56,17.1899,-88.4976,1606,20,876,710.0,403.902208384366,1.2453300124533002
,Benin,2020-09-20 04:22:56,9.3077,2.3158,2280,40,1950,290.0,18.806918768463568,1.7543859649122806
,Bhutan,2020-09-20 04:22:56,27.5142,90.4336,259,0,190,69.0,33.566092803118664,0.0
,Bolivia,2020-09-20 04:22:56,-16.2902,-63.5887,130470,7586,89032,33852.0,1117.7047534106189,5.8143634552004295
,Bosnia and Herzegovina,2020-09-20 04:22:56,43.9159,17.6791,25217,758,17489,6970.0,768.6199922885014,3.005908712376572
,Botswana,2020-09-20 04:22:56,-22.3285,24.6849,2567,13,624,1930.0,109.15856056981876,0.5064277366575769
,Brunei,2020-09-20 04:22:56,4.5353,114.7277,145,3,142,0.0,33.144145029635446,2.0689655172413794
,Bulgaria,2020-09-20 04:22:56,42.7339,25.4858,18819,755,13558,4506.0,270.8375758892817,4.0119028641266805
,Burkina Faso,2020-09-20 04:22:56,12.2383,-1.5616,1816,56,1176,584.0,8.687632628719763,3.0837004405286343
,Burma,2020-09-20 04:22:56,21.9162,95.956,5263,81,1188,3994.0,9.672890876962336,1.5390461713851415
,Burundi,2020-09-20 04:22:56,-3.3731,29.9189,473,1,374,98.0,3.9778715964914335,0.2114164904862579
,Cabo Verde,2020-09-20 04:22:56,16.5388,-23.0418,5186,50,4581,555.0,932.7539443297336,0.9641342074816814
,Cambodia,2020-09-20 04:22:56,11.55,104.9167,275,0,274,1.0,1.644838070476945,0.0
,Cameroon,2020-09-20 04:22:56,3.848,11.5021,20431,416,19124,891.0,76.9649087330516,2.0361215799520336
,Central African Republic,2020-09-20 04:22:56,6.6111,20.9394,4786,62,1830,2894.0,99.09386876874316,1.2954450480568325
,Chad,2020-09-20 04:22:56,15.4542,18.7322,1149,81,966,102.0,6.995067959611733,7.049608355091383
,Comoros,2020-09-20 04:22:56,-11.6455,43.3333,470,7,450,13.0,54.04814885090185,1.4893617021276595
,Congo (Brazzaville),2020-09-20 04:22:56,-0.228,15.8277,4986,89,3887,1010.0,90.35731916031844,1.784997994384276
,Congo (Kinshasa),2020-09-20 04:22:56,-4.0383,21.7587,10488,268,9891,329.0,11.710401502861655,2.555301296720061
,Costa Rica,2020-09-20 04:22:56,9.7489,-83.7534,63712,706,23552,39454.0,1250.6983550034413,1.1081115017579106
,Cote d'Ivoire,2020-09-20 04:22:56,7.54,-5.5471,19269,120,18392,757.0,73.04874939699431,0.6227619492449011
,Croatia,2020-09-20 04:22:56,45.1,15.2,14725,244,12353,2128.0,358.68547437097885,1.6570458404074704
,Cuba,2020-09-20 04:22:56,21.521757,-77.78116700000002,5055,113,4284,658.0,44.629393280393714,2.235410484668645
,Cyprus,2020-09-20 04:22:56,35.1264,33.4299,1590,22,1282,286.0,131.69217823004058,1.3836477987421385
,Czechia,2020-09-20 04:22:56,49.8175,15.473,48306,499,24228,23579.0,451.07929026307073,1.0329979712665094
,Denmark,2020-09-20 04:22:56,56.2639,9.5018,22436,635,17316,4485.0,387.3483025370485,2.8302727758958817
,Diamond Princess,2020-09-20 04:22:56,,,712,13,651,48.0,,1.8258426966292127
,Djibouti,2020-09-20 04:22:56,11.8251,42.5903,5403,61,5333,9.0,546.8612411715766,1.1290024060707016
,Dominica,2020-09-20 04:22:56,15.415,-61.371,24,0,18,6.0,33.337500520898445,0.0
,Dominican Republic,2020-09-20 04:22:56,18.7357,-70.1627,107700,2044,80820,24836.0,992.8185205178804,1.8978644382544103
,Ecuador,2020-09-20 04:22:56,-1.8312,-78.1834,125620,11084,97063,17473.0,712.0080076812072,8.82343575863716
,Egypt,2020-09-20 04:22:56,26.820553000000004,30.802498,101900,5750,88666,7484.0,99.57550639153092,5.642787046123651
,El Salvador,2020-09-20 04:22:56,13.7942,-88.8965,27428,808,21247,5373.0,422.8669447647399,2.945894706139711
,Equatorial Guinea,2020-09-20 04:22:56,1.6508,10.2679,5002,83,4509,410.0,356.5255508790187,1.6593362654938024
,Eritrea,2020-09-20 04:22:56,15.1794,39.7823,364,0,305,59.0,10.263851476429656,0.0
,Estonia,2020-09-20 04:22:56,58.5953,25.0136,2875,64,2374,437.0,216.7293988341089,2.226086956521739
,Eswatini,2020-09-20 04:22:56,-26.5225,31.4659,5245,104,4571,570.0,452.09125606379786,1.982840800762631
,Ethiopia,2020-09-20 04:22:56,9.145,40.4897,68131,1089,27939,39103.0,59.26311465083687,1.5983913343411955
,Fiji,2020-09-20 04:22:56,-17.7134,178.065,32,2,26,4.0,3.5696596775704896,6.25
,Finland,2020-09-20 04:22:56,61.92411,25.748151,8922,339,7700,883.0,161.0260619652543,3.799596503026226
,France,2020-09-20 04:22:56,46.2276,2.2137,444978,31085,76583,337913.0,681.5168762483625,6.985738620785747
,Gabon,2020-09-20 04:22:56,-0.8037,11.6094,8696,53,7848,795.0,390.703625959686,0.6094756209751611
,Gambia,2020-09-20 04:22:56,13.4432,-15.3101,3504,108,1992,1404.0,144.9932634408424,3.0821917808219177
,Georgia,2020-09-20 04:22:56,42.3154,43.3569,3306,19,1481,1806.0,82.87427851623455,0.5747126436781609
,Ghana,2020-09-20 04:22:56,7.9465,-1.0232,45877,297,45081,499.0,147.64290928973742,0.6473832203500665
,Greece,2020-09-20 04:22:56,39.0742,21.8243,14978,331,1347,13300.0,143.70065746552643,2.2099078648684736
,Grenada,2020-09-20 04:22:56,12.1165,-61.679,24,0,24,0.0,21.329730978768037,0.0
,Guatemala,2020-09-20 04:22:56,15.7835,-90.2308,85152,3105,74497,7550.0,475.29614887432814,3.646420518602029
,Guinea,2020-09-20 04:22:56,9.9456,-9.6966,10286,63,9681,542.0,78.32302529424055,0.612482986583706
,Guinea-Bissau,2020-09-20 04:22:56,11.8037,-15.1804,2303,39,1127,1137.0,117.02247664885842,1.6934433347807207
,Guyana,2020-09-20 04:22:56,4.860416000000002,-58.93018000000001,2168,64,1331,773.0,275.6309444046791,2.9520295202952034
,Haiti,2020-09-20 04:22:56,18.9712,-72.2852,8600,221,6363,2016.0,75.42183828803653,2.569767441860465
,Holy See,2020-09-20 04:22:56,41.9029,12.4534,12,0,12,0.0,1483.3127317676144,0.0
,Honduras,2020-09-20 04:22:56,15.2,-86.2419,71143,2166,21810,47167.0,718.2818340715753,3.0445721996542177
,Hungary,2020-09-20 04:22:56,47.1625,19.5033,16920,675,4382,11863.0,175.14893352725315,3.98936170212766
,Iceland,2020-09-20 04:22:56,64.9631,-19.0208,2307,10,2116,181.0,676.0439560439562,0.4334633723450369
,Indonesia,2020-09-20 04:22:56,-0.7893,113.9213,240687,9448,174350,56889.0,87.99495967479899,3.925430122939752
,Iran,2020-09-20 04:22:56,32.427908,53.68804599999999,419043,24118,357632,37293.0,498.9025686476341,5.755495259436383
,Iraq,2020-09-20 04:22:56,33.223191,43.679291,315597,8491,249539,57567.0,784.6279481910907,2.6904564999033576
,Ireland,2020-09-20 04:22:56,53.1424,-7.6921,32538,1792,23364,7382.0,658.957964241536,5.507406724445263
,Israel,2020-09-20 04:22:56,31.046051,34.851612,183602,1226,132449,49927.0,2121.20767494487,0.6677487173342338
,Jamaica,2020-09-20 04:22:56,18.1096,-77.2975,4758,60,1327,3371.0,160.68021968410363,1.261034047919294
,Jordan,2020-09-20 04:22:56,31.24,36.51,4540,30,2672,1838.0,44.49610610067096,0.6607929515418502
,Kazakhstan,2020-09-20 04:22:56,48.0196,66.9237,107262,1671,101877,3714.0,571.250326268605,1.557867651171897
,Kenya,2020-09-20 04:22:56,-0.0236,37.9062,36829,646,23777,12406.0,68.4919278499869,1.7540525129653262
,"Korea, South",2020-09-20 04:22:56,35.90775700000001,127.766922,22975,383,20158,2434.0,44.8124948665556,1.6670293797606093
,Kosovo,2020-09-20 04:22:56,42.602636,20.902977,12683,488,8788,3407.0,700.5765684949894,3.8476701095955215
,Kuwait,2020-09-20 04:22:56,29.31166,47.481766,99049,581,89498,8970.0,2319.342906310011,0.5865783602055549
,Kyrgyzstan,2020-09-20 04:22:56,41.20438,74.766098,45335,1063,41484,2788.0,694.8754259340352,2.34476673651704
,Laos,2020-09-20 04:22:56,19.85627,102.495496,23,0,22,1.0,0.3161270423868636,0.0
,Latvia,2020-09-20 04:22:56,56.8796,24.6032,1515,36,1248,231.0,80.32013538316681,2.376237623762376
,Lebanon,2020-09-20 04:22:56,33.8547,35.8623,28297,286,11440,16571.0,414.5812095392503,1.0107078488885748
,Lesotho,2020-09-20 04:22:56,-29.61,28.2336,1390,33,754,603.0,64.88499018789572,2.3741007194244603
,Liberia,2020-09-20 04:22:56,6.4280550000000005,-9.429499,1335,82,1216,37.0,26.39551715145115,6.142322097378278
,Libya,2020-09-20 04:22:56,26.3351,17.228331,27234,436,14679,12119.0,396.3449641966636,1.6009400014687525
,Liechtenstein,2020-09-20 04:22:56,47.14,9.55,113,1,109,3.0,296.3001809266592,0.8849557522123894
,Lithuania,2020-09-20 04:22:56,55.1694,23.8813,3664,87,2197,1380.0,134.59251784618178,2.3744541484716155
,Luxembourg,2020-09-20 04:22:56,49.8153,6.1296,7718,124,6703,891.0,1232.9546180684245,1.6066338429644986
,MS Zaandam,2020-09-20 04:22:56,,,9,2,0,7.0,,22.222222222222214
,Madagascar,2020-09-20 04:22:56,-18.766947,46.869107,16020,219,14630,1171.0,57.85269223931412,1.367041198501873
,Malawi,2020-09-20 04:22:56,-13.2543,34.3015,5718,179,4030,1509.0,29.890295089559803,3.1304651976215463
,Malaysia,2020-09-20 04:22:56,4.210483999999999,101.975766,10167,130,9315,722.0,31.41259540336127,1.2786466017507625
,Maldives,2020-09-20 04:22:56,3.2028,73.2207,9649,33,8188,1428.0,1785.0601803375132,0.3420043527826717
,Mali,2020-09-20 04:22:56,17.570692,-3.996166000000001,3006,128,2349,529.0,14.843833098429425,4.258150365934797
,Malta,2020-09-20 04:22:56,35.9375,14.3754,2699,19,2017,663.0,611.2710315510068,0.7039644312708411
,Mauritania,2020-09-20 04:22:56,21.0079,-10.9408,7365,161,6927,277.0,158.39867861305987,2.1860149355057708
,Mauritius,2020-09-20 04:22:56,-20.348404,57.552152,366,10,338,18.0,28.77885650437541,2.7322404371584703
,Moldova,2020-09-20 04:22:56,47.4116,28.3699,46336,1201,34236,10899.0,1148.647124428261,2.5919371546961325
,Monaco,2020-09-20 04:22:56,43.7333,7.4167,192,1,152,39.0,489.24676383651,0.5208333333333334
,Mongolia,2020-09-20 04:22:56,46.8625,103.8467,312,0,302,10.0,9.517151004242454,0.0
,Montenegro,2020-09-20 04:22:56,42.708678000000006,19.37439,7898,134,5129,2635.0,1257.5191621209372,1.6966320587490504
,Morocco,2020-09-20 04:22:56,31.7917,-7.0926,99816,1795,79008,19013.0,270.4266892957836,1.7983088883545724
,Mozambique,2020-09-20 04:22:56,-18.665695,35.529562,6537,41,3620,2876.0,20.914762504505216,0.6271990209576258
,Namibia,2020-09-20 04:22:56,-22.9576,18.4904,10292,111,7969,2212.0,405.05077696389816,1.0785075787019045
,Nepal,2020-09-20 04:22:56,28.1667,84.25,62797,401,45267,17129.0,215.5246381140996,0.6385655365702183
,New Zealand,2020-09-20 04:22:56,-40.9006,174.886,1815,25,1719,71.0,37.63816472576087,1.3774104683195592
,Nicaragua,2020-09-20 04:22:56,12.865416,-85.207229,4961,147,2913,1901.0,74.88806038866919,2.963112275750857
,Niger,2020-09-20 04:22:56,17.607789,8.081666,1183,69,1104,10.0,4.887089639386488,5.832628909551986
,Nigeria,2020-09-20 04:22:56,9.082,8.6753,57145,1095,48431,7619.0,27.72150698060727,1.9161781433196248
,North Macedonia,2020-09-20 04:22:56,41.6086,21.7453,16557,689,13792,2076.0,794.7181983123578,4.161381892854986
,Norway,2020-09-20 04:22:56,60.472,8.4689,12858,267,10371,2220.0,237.178122651599,2.076528231451237
,Oman,2020-09-20 04:22:56,21.512583,55.92325500000001,91753,818,84648,6287.0,1796.7454806719586,0.8915239828670453
,Panama,2020-09-20 04:22:56,8.538,-80.7821,105601,2247,80190,23164.0,2447.431704323384,2.127820759273113
,Papua New Guinea,2020-09-20 04:22:56,-6.314993,143.95555,516,6,232,278.0,5.767278896107054,1.162790697674419
,Paraguay,2020-09-20 04:22:56,-23.4425,-58.4438,33015,636,17535,14844.0,462.8792307918789,1.926397092230804
,Philippines,2020-09-20 04:22:56,12.879721,121.774017,283460,4930,209885,68645.0,258.67602971808503,1.7392224652508292
,Poland,2020-09-20 04:22:56,51.9194,19.1451,78330,2282,63861,12187.0,206.9670449965063,2.9133154602323503
,Portugal,2020-09-20 04:22:56,39.3999,-8.2245,68025,1899,45404,20722.0,667.127142125394,2.7916207276736493
,Qatar,2020-09-20 04:22:56,25.3548,51.1839,123146,209,120089,2848.0,4274.329587026997,0.1697172461955727
,Romania,2020-09-20 04:22:56,45.9432,24.9668,111550,4402,89119,18029.0,579.851564237313,3.946212460779919
,Rwanda,2020-09-20 04:22:56,-1.9403,29.8739,4689,26,2910,1753.0,36.20231884769617,0.5544892301130305
,Saint Kitts and Nevis,2020-09-20 04:22:56,17.357822,-62.782998,17,0,17,0.0,31.959693186945405,0.0
,Saint Lucia,2020-09-20 04:22:56,13.9094,-60.9789,27,0,26,1.0,14.70355989522352,0.0
,Saint Vincent and the Grenadines,2020-09-20 04:22:56,12.9843,-61.2872,64,0,64,0.0,57.68520104193895,0.0
,San Marino,2020-09-20 04:22:56,43.9424,12.4578,723,42,669,12.0,2130.355353880606,5.809128630705394
,Sao Tome and Principe,2020-09-20 04:22:56,0.1864,6.6131,908,15,876,17.0,414.30729007442017,1.6519823788546255
,Saudi Arabia,2020-09-20 04:22:56,23.885942,45.079162,329271,4458,309430,15383.0,945.8041532703046,1.353899979044617
,Senegal,2020-09-20 04:22:56,14.4974,-14.4524,14688,302,11153,3233.0,87.72134140551232,2.056100217864924
,Serbia,2020-09-20 04:22:56,44.0165,21.0059,32840,740,0,32100.0,375.8568081699642,2.2533495736906213
,Seychelles,2020-09-20 04:22:56,-4.6796,55.492,141,0,136,5.0,143.38010982306284,0.0
,Sierra Leone,2020-09-20 04:22:56,8.460555000000001,-11.779889,2159,72,1650,437.0,27.065363668102677,3.33487725798981
,Singapore,2020-09-20 04:22:56,1.2833,103.8333,57558,27,57142,389.0,983.8397509342616,0.0469092046283748
,Slovakia,2020-09-20 04:22:56,48.669,19.699,6546,39,3519,2988.0,119.89794937141492,0.5957836846929423
,Slovenia,2020-09-20 04:22:56,46.1512,14.9955,4309,141,2981,1187.0,207.2698866533393,3.2722209329310745
,Somalia,2020-09-20 04:22:56,5.152149,46.199616,3401,98,2812,491.0,21.399063336382643,2.881505439576596
,South Africa,2020-09-20 04:22:56,-30.5595,22.9375,659656,15940,589434,54282.0,1112.2417305120043,2.4164109778429967
,South Sudan,2020-09-20 04:22:56,6.877000000000002,31.307,2642,49,1290,1303.0,23.602501007483745,1.854655563966692
,Sri Lanka,2020-09-20 04:22:56,7.873054,80.77179699999998,3283,13,3070,200.0,15.331628781245255,0.395979287237283
,Sudan,2020-09-20 04:22:56,12.8628,30.2176,13535,836,6759,5940.0,30.86710521901745,6.176579239009974
,Suriname,2020-09-20 04:22:56,3.9193,-56.0278,4709,97,4383,229.0,802.7151511845544,2.059885325971544
,Switzerland,2020-09-20 04:22:56,46.8182,8.2275,49283,2045,40500,6738.0,569.4416553104942,4.149503885721241
,Syria,2020-09-20 04:22:56,34.802075,38.99681500000001,3765,170,932,2663.0,21.51347803685313,4.51527224435591
,Taiwan*,2020-09-20 04:22:56,23.7,121.0,506,7,479,20.0,2.12455296739378,1.383399209486166
,Tajikistan,2020-09-20 04:22:56,38.861,71.2761,9303,73,8066,1164.0,97.53983217235456,0.7846931097495432
,Tanzania,2020-09-20 04:22:56,-6.369028,34.888822,509,21,183,305.0,0.852107987092757,4.12573673870334
,Thailand,2020-09-20 04:22:56,15.870032,100.992541,3506,59,3340,107.0,5.022924219259783,1.6828294352538506
,Timor-Leste,2020-09-20 04:22:56,-8.874217,125.727539,27,0,26,1.0,2.0478716545741107,0.0
,Togo,2020-09-20 04:22:56,8.6195,0.8248,1659,41,1259,359.0,20.039288601630894,2.471368294153104
,Trinidad and Tobago,2020-09-20 04:22:56,10.6918,-61.2225,3853,61,1695,2097.0,275.31438215751297,1.5831819361536466
,Tunisia,2020-09-20 04:22:56,33.886917,9.537499,9110,138,2366,6606.0,77.08177047434819,1.5148188803512623
,Turkey,2020-09-20 04:22:56,38.9637,35.2433,301348,7445,266117,27786.0,357.30535174167863,2.4705655919402147
,Uganda,2020-09-20 04:22:56,1.373333,32.290275,6017,63,2581,3373.0,13.154500338864477,1.047033405351504
,United Arab Emirates,2020-09-20 04:22:56,23.424076,53.847818,84242,404,73512,10326.0,851.755237401925,0.4795707604282899
,Uruguay,2020-09-20 04:22:56,-32.5228,-55.7658,1904,46,1612,246.0,54.81144603476324,2.4159663865546217
,Uzbekistan,2020-09-20 04:22:56,41.377491,64.585262,50992,427,47271,3294.0,152.35500556795515,0.8373862566677126
,Venezuela,2020-09-20 04:22:56,6.4238,-66.5897,65949,539,55155,10255.0,231.9212695003644,0.8172982152875707
,Vietnam,2020-09-20 04:22:56,14.058324,108.277199,1068,35,942,91.0,1.0972010965066137,3.2771535580524342
,West Bank and Gaza,2020-09-20 04:22:56,31.9522,35.2332,35003,253,23446,11304.0,686.1428277952631,0.7227951889838014
,Western Sahara,2020-09-20 04:22:56,24.2155,-12.8858,10,1,8,1.0,1.674116485025028,10.0
,Yemen,2020-09-20 04:22:56,15.552727,48.516388,2026,585,1221,220.0,6.79273846200063,28.874629812438307
,Zambia,2020-09-20 04:22:56,-13.133897,27.849332,14070,330,13365,375.0,76.53412573441756,2.345415778251599
,Zimbabwe,2020-09-20 04:22:56,-19.015438,29.154857,7672,225,5914,1533.0,51.6183656153327,2.93274244004171
